NOVA_LB,NOVA_WICK,symbol,net,trades,win_pct,gross,costs,risk_total
10,0.5,BNBUSDT,-937.87,343,13.41,-47.29,890.58,0.0
10,0.6,BNBUSDT,-613.05,230,14.78,-15.85,597.2,0.0
10,0.7,BNBUSDT,-363.55,142,14.08,5.18,368.73,0.0
20,0.5,BNBUSDT,-594.13,225,15.11,-9.9,584.23,0.0
20,0.6,BNBUSDT,-390.23,152,15.79,4.46,394.69,0.0
20,0.7,BNBUSDT,-236.18,99,15.15,20.91,257.09,0.0
55,0.5,BNBUSDT,-298.26,119,17.65,10.75,309.01,0.0
55,0.6,BNBUSDT,-183.66,82,19.51,29.3,212.96,0.0
55,0.7,BNBUSDT,-84.23,52,21.15,50.86,135.09,0.0
