symbol,exp,entry_time,exit_time,entry,exit,notional,pnl,r_mult,exit_side,bars_held,regime
ATOMUSDT,a_k3.0_SEL,2021-09-13T16:00:00+00:00,2021-09-21T00:00:00+00:00,38.2138955,32.7794031429,20.0,-2.8442,,stop,44,صاعد
ATOMUSDT,a_k3.0_SEL,2021-10-12T16:00:00+00:00,2021-10-27T08:00:00+00:00,33.558548,37.2656665714,20.0,2.2093,,stop,88,صاعد
ATOMUSDT,a_k3.0_SEL,2021-10-27T12:00:00+00:00,2021-11-10T20:00:00+00:00,37.162688,33.4229479286,20.0,-2.0126,,stop,86,صاعد
ATOMUSDT,a_k3.0_SEL,2021-12-22T16:00:00+00:00,2021-12-28T00:00:00+00:00,26.950958,29.2320587143,20.0,1.6928,,stop,32,هابط
ATOMUSDT,a_k3.0_SEL,2022-01-21T04:00:00+00:00,2022-01-21T20:00:00+00:00,38.2539415,33.654480003,20.0,-2.4047,,stop,4,صاعد
ATOMUSDT,a_k3.0_SEL,2022-05-10T04:00:00+00:00,2022-05-11T04:00:00+00:00,12.6845705,11.9319767143,20.0,-1.1866,,stop,6,هابط
ATOMUSDT,a_k3.0_SEL,2022-06-07T04:00:00+00:00,2022-06-10T12:00:00+00:00,8.9803155,8.39319385714,20.0,-1.3076,,stop,20,هابط
ATOMUSDT,a_k3.0_SEL,2022-06-22T20:00:00+00:00,2022-06-28T20:00:00+00:00,7.288372,7.44714021429,20.0,0.4357,,stop,36,هابط
ATOMUSDT,a_k3.0_SEL,2022-08-10T04:00:00+00:00,2022-08-19T00:00:00+00:00,10.75735675,10.8132647143,20.0,0.1039,,stop,53,عرضي
ATOMUSDT,a_k3.0_SEL,2022-10-17T16:00:00+00:00,2022-10-19T20:00:00+00:00,12.3281611,11.8841746071,20.0,-0.7203,,stop,13,هابط
ATOMUSDT,a_k3.0_SEL,2022-10-25T20:00:00+00:00,2022-11-02T08:00:00+00:00,12.1759863,13.5075912429,20.0,2.1873,,stop,45,هابط
ATOMUSDT,a_k3.0_SEL,2022-12-10T20:00:00+00:00,2022-12-12T00:00:00+00:00,9.89436545,9.47827431366,20.0,-0.8411,,stop,7,هابط
ATOMUSDT,a_k3.0_SEL,2022-12-27T12:00:00+00:00,2022-12-28T00:00:00+00:00,9.3287157,9.04490922159,20.0,-0.6085,,stop,3,هابط
ATOMUSDT,a_k3.0_SEL,2023-01-02T08:00:00+00:00,2023-01-06T04:00:00+00:00,9.90037235,9.96752415,20.0,0.1357,,stop,23,هابط
ATOMUSDT,a_k3.0_SEL,2023-01-08T16:00:00+00:00,2023-01-10T00:00:00+00:00,10.5020635,10.8894627,20.0,0.7378,,stop,8,هابط
ATOMUSDT,a_k3.0_SEL,2023-02-14T16:00:00+00:00,2023-02-22T08:00:00+00:00,13.41641115,13.3668960857,20.0,-0.0738,,stop,46,صاعد
ATOMUSDT,a_k3.0_SEL,2023-03-28T16:00:00+00:00,2023-04-03T00:00:00+00:00,11.3430295,10.7023148107,20.0,-1.1297,,stop,32,هابط
ATOMUSDT,a_k3.0_SEL,2023-04-19T12:00:00+00:00,2023-04-21T12:00:00+00:00,11.8235815,11.1002657831,20.0,-1.2235,,stop,12,عرضي
ATOMUSDT,a_k3.0_SEL,2023-04-27T00:00:00+00:00,2023-05-03T12:00:00+00:00,10.95358215,10.8178308857,20.0,-0.2479,,stop,39,هابط
ATOMUSDT,a_k3.0_SEL,2023-05-10T16:00:00+00:00,2023-06-05T16:00:00+00:00,10.8804982,10.1291933592,20.0,-1.381,,stop,156,هابط
ATOMUSDT,a_k3.0_SEL,2023-06-20T20:00:00+00:00,2023-06-26T20:00:00+00:00,8.710005,9.11835895714,20.0,0.9377,,stop,36,هابط
ATOMUSDT,a_k3.0_SEL,2023-07-13T20:00:00+00:00,2023-07-14T16:00:00+00:00,9.751201,9.70496929286,20.0,-0.0948,,stop,5,هابط
ATOMUSDT,a_k3.0_SEL,2023-08-17T12:00:00+00:00,2023-08-17T20:00:00+00:00,8.1413518,7.67233987936,20.0,-1.1522,,stop,2,هابط
ATOMUSDT,a_k3.0_SEL,2023-08-29T16:00:00+00:00,2023-08-31T12:00:00+00:00,7.3864847,7.10990603724,20.0,-0.7489,,stop,11,هابط
ATOMUSDT,a_k3.0_SEL,2023-10-10T08:00:00+00:00,2023-10-10T12:00:00+00:00,7.2182915,6.85611217906,20.0,-1.0035,,stop,1,هابط
ATOMUSDT,a_k3.0_SEL,2023-10-30T16:00:00+00:00,2023-10-31T12:00:00+00:00,7.5726986,7.67131069286,20.0,0.2604,,stop,5,هابط
ATOMUSDT,a_k3.0_SEL,2023-12-12T16:00:00+00:00,2023-12-18T04:00:00+00:00,11.98076205,10.6506425665,20.0,-2.2204,,stop,33,صاعد
ATOMUSDT,a_k3.0_SEL,2023-12-26T04:00:00+00:00,2023-12-26T16:00:00+00:00,12.2080231,11.2811063199,20.0,-1.5185,,stop,3,صاعد
BNBUSDT,a_k3.0_SEL,2021-10-21T16:00:00+00:00,2021-10-27T08:00:00+00:00,474.14464,457.929917143,20.0,-0.684,,stop,34,عرضي
BNBUSDT,a_k3.0_SEL,2021-11-05T12:00:00+00:00,2021-11-10T20:00:00+00:00,608.999545,604.603905,20.0,-0.1444,,stop,32,صاعد
BNBUSDT,a_k3.0_SEL,2021-11-16T04:00:00+00:00,2021-11-16T08:00:00+00:00,609.600235,578.951531337,20.0,-1.0055,,stop,1,صاعد
BNBUSDT,a_k3.0_SEL,2022-01-22T12:00:00+00:00,2022-02-21T12:00:00+00:00,361.715495,366.321102857,20.0,0.2547,,stop,180,هابط
BNBUSDT,a_k3.0_SEL,2022-05-10T04:00:00+00:00,2022-05-11T12:00:00+00:00,307.35305,278.022762857,20.0,-1.9086,,stop,8,هابط
BNBUSDT,a_k3.0_SEL,2022-10-07T00:00:00+00:00,2022-10-08T20:00:00+00:00,287.229935,277.035976825,20.0,-0.7098,,stop,11,عرضي
BNBUSDT,a_k3.0_SEL,2022-10-13T16:00:00+00:00,2022-11-01T12:00:00+00:00,267.10682,321.957893571,20.0,4.1071,,stop,113,هابط
BNBUSDT,a_k3.0_SEL,2022-11-08T08:00:00+00:00,2022-11-08T16:00:00+00:00,326.17467,299.401390558,20.0,-1.6417,,stop,2,عرضي
BNBUSDT,a_k3.0_SEL,2022-12-13T12:00:00+00:00,2022-12-15T16:00:00+00:00,269.009005,258.930458571,20.0,-0.7493,,stop,13,هابط
BNBUSDT,a_k3.0_SEL,2022-12-27T16:00:00+00:00,2023-01-09T20:00:00+00:00,245.48198,273.813323571,20.0,2.3082,,stop,79,هابط
BNBUSDT,a_k3.0_SEL,2023-01-18T20:00:00+00:00,2023-01-25T00:00:00+00:00,293.33695,298.185263571,20.0,0.3306,,stop,37,عرضي
BNBUSDT,a_k3.0_SEL,2023-02-09T04:00:00+00:00,2023-02-09T20:00:00+00:00,320.067655,307.69554059,20.0,-0.7731,,stop,4,صاعد
BNBUSDT,a_k3.0_SEL,2023-03-22T12:00:00+00:00,2023-03-27T16:00:00+00:00,324.57283,309.75191946,20.0,-0.9133,,stop,31,صاعد
BNBUSDT,a_k3.0_SEL,2023-04-11T04:00:00+00:00,2023-04-11T20:00:00+00:00,327.77651,323.02809,20.0,-0.2897,,stop,4,صاعد
BNBUSDT,a_k3.0_SEL,2023-04-16T16:00:00+00:00,2023-04-19T04:00:00+00:00,346.297785,334.698153262,20.0,-0.6699,,stop,15,صاعد
BNBUSDT,a_k3.0_SEL,2023-07-10T12:00:00+00:00,2023-07-14T16:00:00+00:00,242.378415,250.925389286,20.0,0.7053,,stop,25,هابط
BNBUSDT,a_k3.0_SEL,2023-08-01T08:00:00+00:00,2023-08-02T16:00:00+00:00,245.782325,239.417392291,20.0,-0.5179,,stop,8,هابط
BNBUSDT,a_k3.0_SEL,2023-08-29T16:00:00+00:00,2023-08-31T12:00:00+00:00,228.562545,221.182891823,20.0,-0.6457,,stop,11,هابط
BNBUSDT,a_k3.0_SEL,2023-09-06T20:00:00+00:00,2023-09-10T16:00:00+00:00,215.147135,210.928581429,20.0,-0.3922,,stop,23,هابط
BNBUSDT,a_k3.0_SEL,2023-11-21T20:00:00+00:00,2023-12-31T00:00:00+00:00,240.376115,319.332345,20.0,6.5694,,stop,235,عرضي
BTCUSDT,a_k3.0_SEL,2021-10-27T12:00:00+00:00,2021-11-10T20:00:00+00:00,58631.3486,64486.575057,20.0,1.9973,,stop,86,صاعد
BTCUSDT,a_k3.0_SEL,2022-04-18T20:00:00+00:00,2022-04-21T20:00:00+00:00,40727.462782,40427.6118621,20.0,-0.1472,,stop,18,هابط
BTCUSDT,a_k3.0_SEL,2022-05-26T16:00:00+00:00,2022-06-01T20:00:00+00:00,29426.902065,29785.667046,20.0,0.2438,,stop,37,هابط
BTCUSDT,a_k3.0_SEL,2022-10-13T16:00:00+00:00,2022-10-15T20:00:00+00:00,18980.3923785,18965.3718546,20.0,-0.0158,,stop,13,هابط
BTCUSDT,a_k3.0_SEL,2023-03-27T16:00:00+00:00,2023-03-31T04:00:00+00:00,26934.5691745,27494.904456,20.0,0.4161,,stop,21,صاعد
BTCUSDT,a_k3.0_SEL,2023-04-10T20:00:00+00:00,2023-04-17T00:00:00+00:00,29206.5990075,29904.7841893,20.0,0.4781,,stop,37,صاعد
BTCUSDT,a_k3.0_SEL,2023-04-19T12:00:00+00:00,2023-04-20T12:00:00+00:00,29344.347236,28301.7306308,20.0,-0.7106,,stop,6,صاعد
BTCUSDT,a_k3.0_SEL,2023-04-26T16:00:00+00:00,2023-04-26T16:00:00+00:00,29854.313023,28665.5543245,20.0,-0.7964,,stop,0,صاعد
BTCUSDT,a_k3.0_SEL,2023-06-30T16:00:00+00:00,2023-07-14T16:00:00+00:00,30102.297878,29867.6783387,20.0,-0.1559,,stop,84,صاعد
BTCUSDT,a_k3.0_SEL,2023-08-14T04:00:00+00:00,2023-08-14T16:00:00+00:00,29433.7198965,29296.3475541,20.0,-0.0933,,stop,3,صاعد
BTCUSDT,a_k3.0_SEL,2023-10-06T16:00:00+00:00,2023-10-11T00:00:00+00:00,27973.252288,27161.8569753,20.0,-0.5801,,stop,26,صاعد
BTCUSDT,a_k3.0_SEL,2023-10-16T08:00:00+00:00,2023-10-16T16:00:00+00:00,27881.0764075,28031.886216,20.0,0.1082,,stop,2,صاعد
BTCUSDT,a_k3.0_SEL,2023-10-20T12:00:00+00:00,2023-10-24T00:00:00+00:00,29874.3059885,33031.9595115,20.0,2.114,,stop,21,صاعد
BTCUSDT,a_k3.0_SEL,2023-11-01T16:00:00+00:00,2023-11-02T16:00:00+00:00,34331.375731,34326.4405729,20.0,-0.0029,,stop,6,صاعد
BTCUSDT,a_k3.0_SEL,2023-11-07T20:00:00+00:00,2023-11-09T16:00:00+00:00,35494.752077,36251.582682,20.0,0.4264,,stop,11,صاعد
BTCUSDT,a_k3.0_SEL,2023-11-14T20:00:00+00:00,2023-11-16T16:00:00+00:00,35334.5881,35977.877805,20.0,0.3641,,stop,11,صاعد
BTCUSDT,a_k3.0_SEL,2023-11-21T16:00:00+00:00,2023-11-21T20:00:00+00:00,37017.5512845,35809.8689507,20.0,-0.6525,,stop,1,صاعد
BTCUSDT,a_k3.0_SEL,2023-11-28T20:00:00+00:00,2023-12-11T00:00:00+00:00,38158.091399,42955.6526966,20.0,2.5146,,stop,73,صاعد
BTCUSDT,a_k3.0_SEL,2023-12-11T04:00:00+00:00,2023-12-11T16:00:00+00:00,42358.2260055,40888.3681022,20.0,-0.694,,stop,3,صاعد
DOGEUSDT,a_k3.0_SEL,2021-09-17T08:00:00+00:00,2021-09-19T08:00:00+00:00,0.252189685,0.236381818648,20.0,-1.2536,,stop,12,هابط
DOGEUSDT,a_k3.0_SEL,2021-10-01T12:00:00+00:00,2021-10-05T20:00:00+00:00,0.21724955,0.249826654286,20.0,2.999,,stop,26,هابط
DOGEUSDT,a_k3.0_SEL,2021-10-18T12:00:00+00:00,2021-10-21T20:00:00+00:00,0.258997505,0.238348089119,20.0,-1.5946,,stop,20,هابط
DOGEUSDT,a_k3.0_SEL,2021-10-24T12:00:00+00:00,2021-10-27T04:00:00+00:00,0.264403715,0.249027574286,20.0,-1.1631,,stop,16,هابط
DOGEUSDT,a_k3.0_SEL,2021-11-23T12:00:00+00:00,2021-11-26T08:00:00+00:00,0.222555645,0.21015804,20.0,-1.1141,,stop,17,هابط
DOGEUSDT,a_k3.0_SEL,2021-11-29T16:00:00+00:00,2021-12-02T00:00:00+00:00,0.215547595,0.200982889286,20.0,-1.3514,,stop,14,هابط
DOGEUSDT,a_k3.0_SEL,2021-12-04T08:00:00+00:00,2021-12-15T12:00:00+00:00,0.16118515,0.174969981429,20.0,1.7104,,stop,67,هابط
DOGEUSDT,a_k3.0_SEL,2022-01-05T20:00:00+00:00,2022-01-05T20:00:00+00:00,0.160083885,0.150624752818,20.0,-1.1818,,stop,0,هابط
DOGEUSDT,a_k3.0_SEL,2022-01-11T12:00:00+00:00,2022-01-14T08:00:00+00:00,0.160083885,0.192949281429,20.0,4.106,,stop,17,هابط
DOGEUSDT,a_k3.0_SEL,2022-01-22T12:00:00+00:00,2022-02-11T20:00:00+00:00,0.12854766,0.144733365,20.0,2.5182,,stop,122,هابط
DOGEUSDT,a_k3.0_SEL,2022-03-14T08:00:00+00:00,2022-03-25T16:00:00+00:00,0.115032135,0.131034850714,20.0,2.7823,,stop,68,هابط
DOGEUSDT,a_k3.0_SEL,2022-05-09T20:00:00+00:00,2022-05-11T08:00:00+00:00,0.10792397,0.100855311429,20.0,-1.3099,,stop,9,هابط
DOGEUSDT,a_k3.0_SEL,2022-05-27T16:00:00+00:00,2022-06-10T12:00:00+00:00,0.08349591,0.0765746948571,20.0,-1.6579,,stop,83,هابط
DOGEUSDT,a_k3.0_SEL,2022-06-19T08:00:00+00:00,2022-06-28T20:00:00+00:00,0.0560543885,0.0669743194286,20.0,3.8962,,stop,57,هابط
DOGEUSDT,a_k3.0_SEL,2022-08-09T08:00:00+00:00,2022-08-09T12:00:00+00:00,0.073264157,0.0694092444695,20.0,-1.0523,,stop,1,هابط
DOGEUSDT,a_k3.0_SEL,2022-09-06T04:00:00+00:00,2022-09-06T16:00:00+00:00,0.0634228525,0.0604764388089,20.0,-0.9291,,stop,3,هابط
DOGEUSDT,a_k3.0_SEL,2022-09-24T04:00:00+00:00,2022-09-25T16:00:00+00:00,0.0660258425,0.0611465144776,20.0,-1.478,,stop,9,هابط
DOGEUSDT,a_k3.0_SEL,2022-10-04T20:00:00+00:00,2022-10-07T12:00:00+00:00,0.0648645085,0.0623524977857,20.0,-0.7745,,stop,16,هابط
DOGEUSDT,a_k3.0_SEL,2022-10-18T20:00:00+00:00,2022-10-21T12:00:00+00:00,0.0592180225,0.0572198357143,20.0,-0.6749,,stop,16,هابط
DOGEUSDT,a_k3.0_SEL,2022-10-25T20:00:00+00:00,2022-10-27T08:00:00+00:00,0.06387337,0.0768458112857,20.0,4.0619,,stop,9,هابط
DOGEUSDT,a_k3.0_SEL,2022-11-08T08:00:00+00:00,2022-11-08T16:00:00+00:00,0.102858151,0.0875823153763,20.0,-2.9703,,stop,2,عرضي
DOGEUSDT,a_k3.0_SEL,2022-11-25T12:00:00+00:00,2022-11-27T20:00:00+00:00,0.0879510275,0.0978302228571,20.0,2.2465,,stop,14,هابط
DOGEUSDT,a_k3.0_SEL,2022-12-05T12:00:00+00:00,2022-12-05T16:00:00+00:00,0.106822705,0.0996490480857,20.0,-1.3431,,stop,1,صاعد
DOGEUSDT,a_k3.0_SEL,2022-12-12T00:00:00+00:00,2022-12-12T00:00:00+00:00,0.092766559,0.0897025679929,20.0,-0.6606,,stop,0,صاعد
DOGEUSDT,a_k3.0_SEL,2022-12-13T16:00:00+00:00,2022-12-15T16:00:00+00:00,0.0920957885,0.0852743957539,20.0,-1.4814,,stop,12,صاعد
DOGEUSDT,a_k3.0_SEL,2023-01-09T04:00:00+00:00,2023-01-09T20:00:00+00:00,0.074986135,0.0755316100714,20.0,0.1455,,stop,4,هابط
DOGEUSDT,a_k3.0_SEL,2023-03-14T16:00:00+00:00,2023-03-15T12:00:00+00:00,0.0770785385,0.0714284440736,20.0,-1.4661,,stop,5,هابط
DOGEUSDT,a_k3.0_SEL,2023-04-01T20:00:00+00:00,2023-04-02T20:00:00+00:00,0.0820943,0.0778432343571,20.0,-1.0357,,stop,6,هابط
DOGEUSDT,a_k3.0_SEL,2023-04-03T20:00:00+00:00,2023-04-06T20:00:00+00:00,0.097131573,0.0853047881196,20.0,-2.4352,,stop,18,هابط
DOGEUSDT,a_k3.0_SEL,2023-04-20T16:00:00+00:00,2023-04-21T20:00:00+00:00,0.086599475,0.0776422264966,20.0,-2.0687,,stop,7,عرضي
DOGEUSDT,a_k3.0_SEL,2023-06-05T20:00:00+00:00,2023-06-07T12:00:00+00:00,0.0667066245,0.0674380712143,20.0,0.2193,,stop,10,هابط
DOGEUSDT,a_k3.0_SEL,2023-07-01T04:00:00+00:00,2023-07-07T00:00:00+00:00,0.06968004,0.0645146912576,20.0,-1.4826,,stop,35,هابط
DOGEUSDT,a_k3.0_SEL,2023-07-13T20:00:00+00:00,2023-07-14T16:00:00+00:00,0.0701906265,0.0689277846429,20.0,-0.3598,,stop,5,هابط
DOGEUSDT,a_k3.0_SEL,2023-07-15T08:00:00+00:00,2023-07-18T16:00:00+00:00,0.0732341225,0.0669534659377,20.0,-1.7152,,stop,20,هابط
DOGEUSDT,a_k3.0_SEL,2023-08-29T16:00:00+00:00,2023-08-30T12:00:00+00:00,0.0670069695,0.0643257668422,20.0,-0.8003,,stop,5,هابط
DOGEUSDT,a_k3.0_SEL,2023-10-16T12:00:00+00:00,2023-10-17T12:00:00+00:00,0.0599188275,0.05953146,20.0,-0.1293,,stop,6,هابط
DOGEUSDT,a_k3.0_SEL,2023-10-23T12:00:00+00:00,2023-10-24T12:00:00+00:00,0.064954612,0.0653932825714,20.0,0.1351,,stop,6,هابط
DOGEUSDT,a_k3.0_SEL,2023-11-27T08:00:00+00:00,2023-11-27T12:00:00+00:00,0.080973012,0.0774320768755,20.0,-0.8746,,stop,1,صاعد
DOGEUSDT,a_k3.0_SEL,2023-11-28T16:00:00+00:00,2023-12-06T08:00:00+00:00,0.0801020115,0.0980770815,20.0,4.488,,stop,46,صاعد
DOGEUSDT,a_k3.0_SEL,2023-12-18T12:00:00+00:00,2023-12-26T16:00:00+00:00,0.088461614,0.0884495944286,20.0,-0.0027,,stop,49,صاعد
ETHUSDT,a_k3.0_SEL,2021-09-20T16:00:00+00:00,2021-09-21T00:00:00+00:00,3091.1006825,2836.68830654,20.0,-1.6461,,stop,2,هابط
ETHUSDT,a_k3.0_SEL,2021-11-16T04:00:00+00:00,2021-11-17T00:00:00+00:00,4314.5460285,4077.51398869,20.0,-1.0988,,stop,5,صاعد
ETHUSDT,a_k3.0_SEL,2021-11-30T16:00:00+00:00,2021-12-03T16:00:00+00:00,4619.1559275,4314.98619452,20.0,-1.317,,stop,18,صاعد
ETHUSDT,a_k3.0_SEL,2021-12-04T08:00:00+00:00,2021-12-13T12:00:00+00:00,3897.9875365,3760.38486429,20.0,-0.706,,stop,55,صاعد
ETHUSDT,a_k3.0_SEL,2022-01-22T00:00:00+00:00,2022-01-24T08:00:00+00:00,2570.4225905,2269.97518497,20.0,-2.3377,,stop,14,هابط
ETHUSDT,a_k3.0_SEL,2022-05-09T20:00:00+00:00,2022-05-11T12:00:00+00:00,2273.291282,2137.97278629,20.0,-1.1905,,stop,10,هابط
ETHUSDT,a_k3.0_SEL,2022-05-26T16:00:00+00:00,2022-05-27T04:00:00+00:00,1864.1713345,1724.10062175,20.0,-1.5028,,stop,3,هابط
ETHUSDT,a_k3.0_SEL,2022-10-13T16:00:00+00:00,2022-10-28T04:00:00+00:00,1258.345435,1494.49221236,20.0,3.7533,,stop,87,هابط
ETHUSDT,a_k3.0_SEL,2022-11-02T20:00:00+00:00,2022-11-08T00:00:00+00:00,1537.6963195,1528.94254886,20.0,-0.1139,,stop,31,عرضي
ETHUSDT,a_k3.0_SEL,2022-11-30T04:00:00+00:00,2022-12-16T08:00:00+00:00,1266.5448535,1247.45805729,20.0,-0.3014,,stop,97,هابط
ETHUSDT,a_k3.0_SEL,2023-01-04T04:00:00+00:00,2023-01-12T12:00:00+00:00,1252.1683395,1371.96756364,20.0,1.9135,,stop,50,هابط
ETHUSDT,a_k3.0_SEL,2023-03-22T20:00:00+00:00,2023-03-27T12:00:00+00:00,1718.814366,1695.72481414,20.0,-0.2687,,stop,28,صاعد
ETHUSDT,a_k3.0_SEL,2023-04-04T12:00:00+00:00,2023-04-09T04:00:00+00:00,1867.044635,1823.48914457,20.0,-0.4666,,stop,28,صاعد
ETHUSDT,a_k3.0_SEL,2023-04-10T20:00:00+00:00,2023-04-12T00:00:00+00:00,1890.912051,1855.65639536,20.0,-0.3729,,stop,7,صاعد
ETHUSDT,a_k3.0_SEL,2023-04-12T16:00:00+00:00,2023-04-19T08:00:00+00:00,1914.379007,2031.26421386,20.0,1.2211,,stop,40,صاعد
ETHUSDT,a_k3.0_SEL,2023-04-19T12:00:00+00:00,2023-04-21T04:00:00+00:00,1983.7286675,1899.58448739,20.0,-0.8483,,stop,10,صاعد
ETHUSDT,a_k3.0_SEL,2023-06-06T16:00:00+00:00,2023-06-10T04:00:00+00:00,1844.338553,1807.78008793,20.0,-0.3964,,stop,21,صاعد
ETHUSDT,a_k3.0_SEL,2023-06-30T20:00:00+00:00,2023-07-07T00:00:00+00:00,1928.535268,1840.36105896,20.0,-0.9144,,stop,37,صاعد
ETHUSDT,a_k3.0_SEL,2023-07-13T16:00:00+00:00,2023-07-14T16:00:00+00:00,1935.02272,1953.45237193,20.0,0.1905,,stop,6,صاعد
ETHUSDT,a_k3.0_SEL,2023-07-14T20:00:00+00:00,2023-08-01T00:00:00+00:00,1915.099835,1827.31742912,20.0,-0.9167,,stop,103,صاعد
ETHUSDT,a_k3.0_SEL,2023-09-06T20:00:00+00:00,2023-09-11T08:00:00+00:00,1633.1459605,1591.72455214,20.0,-0.5073,,stop,27,هابط
ETHUSDT,a_k3.0_SEL,2023-09-27T12:00:00+00:00,2023-09-27T12:00:00+00:00,1631.5040745,1593.39099374,20.0,-0.4672,,stop,0,هابط
ETHUSDT,a_k3.0_SEL,2023-10-09T20:00:00+00:00,2023-10-12T08:00:00+00:00,1583.2686675,1541.47072094,20.0,-0.528,,stop,15,هابط
ETHUSDT,a_k3.0_SEL,2023-10-16T16:00:00+00:00,2023-10-19T00:00:00+00:00,1579.4242515,1541.18131521,20.0,-0.4843,,stop,14,هابط
ETHUSDT,a_k3.0_SEL,2023-10-24T00:00:00+00:00,2023-10-27T16:00:00+00:00,1767.5002905,1745.250651,20.0,-0.2518,,stop,22,هابط
ETHUSDT,a_k3.0_SEL,2023-11-09T16:00:00+00:00,2023-11-14T16:00:00+00:00,2037.3502615,2005.51528779,20.0,-0.3125,,stop,30,صاعد
ETHUSDT,a_k3.0_SEL,2023-12-02T20:00:00+00:00,2023-12-11T00:00:00+00:00,2161.242574,2296.74998229,20.0,1.254,,stop,49,صاعد
ETHUSDT,a_k3.0_SEL,2023-12-11T04:00:00+00:00,2023-12-13T00:00:00+00:00,2254.009133,2153.91499321,20.0,-0.8881,,stop,11,صاعد
ETHUSDT,a_k3.0_SEL,2023-12-27T16:00:00+00:00,2023-12-29T16:00:00+00:00,2344.653254,2306.80982871,20.0,-0.3228,,stop,12,صاعد
FILUSDT,a_k3.0_SEL,2021-10-27T12:00:00+00:00,2021-11-06T08:00:00+00:00,56.584998,58.6638874286,20.0,0.7348,,stop,59,هابط
FILUSDT,a_k3.0_SEL,2021-11-09T16:00:00+00:00,2021-11-10T20:00:00+00:00,66.7867165,63.5725217143,20.0,-0.9625,,stop,7,هابط
FILUSDT,a_k3.0_SEL,2021-11-26T04:00:00+00:00,2021-11-26T08:00:00+00:00,57.566125,53.2048689563,20.0,-1.5152,,stop,1,هابط
FILUSDT,a_k3.0_SEL,2021-12-04T08:00:00+00:00,2021-12-20T08:00:00+00:00,38.64439,34.3533053571,20.0,-2.2208,,stop,96,هابط
FILUSDT,a_k3.0_SEL,2021-12-27T16:00:00+00:00,2021-12-28T04:00:00+00:00,39.0548615,37.8692573571,20.0,-0.6071,,stop,3,هابط
FILUSDT,a_k3.0_SEL,2022-01-04T16:00:00+00:00,2022-01-05T16:00:00+00:00,37.4730445,35.4090629095,20.0,-1.1016,,stop,6,هابط
FILUSDT,a_k3.0_SEL,2022-01-22T12:00:00+00:00,2022-02-11T20:00:00+00:00,19.1920455,21.0814427143,20.0,1.9689,,stop,122,هابط
FILUSDT,a_k3.0_SEL,2022-03-23T04:00:00+00:00,2022-03-28T20:00:00+00:00,19.0518845,24.6573257143,20.0,5.8844,,stop,34,هابط
FILUSDT,a_k3.0_SEL,2022-04-16T20:00:00+00:00,2022-04-17T16:00:00+00:00,20.42346,20.3437206429,20.0,-0.0781,,stop,5,هابط
FILUSDT,a_k3.0_SEL,2022-05-01T00:00:00+00:00,2022-05-09T08:00:00+00:00,14.256376,12.3714707143,20.0,-2.6443,,stop,50,هابط
FILUSDT,a_k3.0_SEL,2022-05-23T16:00:00+00:00,2022-05-23T16:00:00+00:00,9.270649,8.52868686079,20.0,-1.6007,,stop,0,هابط
FILUSDT,a_k3.0_SEL,2022-06-21T20:00:00+00:00,2022-06-22T00:00:00+00:00,6.1370495,5.53781653593,20.0,-1.9528,,stop,1,هابط
FILUSDT,a_k3.0_SEL,2022-07-17T20:00:00+00:00,2022-07-20T20:00:00+00:00,5.8767505,5.67489492857,20.0,-0.687,,stop,18,هابط
FILUSDT,a_k3.0_SEL,2022-07-30T04:00:00+00:00,2022-07-30T20:00:00+00:00,6.527498,7.86237642857,20.0,4.09,,stop,4,هابط
FILUSDT,a_k3.0_SEL,2022-07-31T16:00:00+00:00,2022-08-01T12:00:00+00:00,9.81127,8.77132992857,20.0,-2.1199,,stop,5,هابط
FILUSDT,a_k3.0_SEL,2022-08-19T00:00:00+00:00,2022-08-19T04:00:00+00:00,7.488602,6.57032314341,20.0,-2.4525,,stop,1,عرضي
FILUSDT,a_k3.0_SEL,2022-09-03T08:00:00+00:00,2022-09-06T16:00:00+00:00,6.347291,5.83164831178,20.0,-1.6248,,stop,20,هابط
FILUSDT,a_k3.0_SEL,2022-09-11T16:00:00+00:00,2022-09-13T12:00:00+00:00,6.6576475,6.10062370537,20.0,-1.6733,,stop,11,هابط
FILUSDT,a_k3.0_SEL,2022-10-29T20:00:00+00:00,2022-11-02T04:00:00+00:00,5.6164515,5.23364017006,20.0,-1.3632,,stop,20,هابط
FILUSDT,a_k3.0_SEL,2022-11-03T04:00:00+00:00,2022-11-06T20:00:00+00:00,5.7966585,5.913192,20.0,0.4021,,stop,22,هابط
FILUSDT,a_k3.0_SEL,2022-12-17T00:00:00+00:00,2023-01-18T20:00:00+00:00,3.0214707,4.23683631429,20.0,8.0449,,stop,197,هابط
FILUSDT,a_k3.0_SEL,2023-04-07T16:00:00+00:00,2023-04-09T12:00:00+00:00,5.9187988,5.61875835995,20.0,-1.0139,,stop,11,هابط
FILUSDT,a_k3.0_SEL,2023-05-30T12:00:00+00:00,2023-05-31T04:00:00+00:00,4.87259705,4.67507167054,20.0,-0.8108,,stop,4,هابط
FILUSDT,a_k3.0_SEL,2023-06-10T08:00:00+00:00,2023-06-30T12:00:00+00:00,3.1876616,3.61669315714,20.0,2.6918,,stop,121,هابط
FILUSDT,a_k3.0_SEL,2023-07-03T04:00:00+00:00,2023-07-05T08:00:00+00:00,4.75846595,4.38609304286,20.0,-1.5651,,stop,13,هابط
FILUSDT,a_k3.0_SEL,2023-08-15T20:00:00+00:00,2023-08-17T20:00:00+00:00,3.78534815,3.59977507106,20.0,-0.9805,,stop,12,هابط
FILUSDT,a_k3.0_SEL,2023-08-29T16:00:00+00:00,2023-08-31T12:00:00+00:00,3.5140365,3.32806196517,20.0,-1.0585,,stop,11,هابط
FILUSDT,a_k3.0_SEL,2023-10-09T12:00:00+00:00,2023-10-11T00:00:00+00:00,3.28677545,3.1433350243,20.0,-0.8728,,stop,9,هابط
FILUSDT,a_k3.0_SEL,2023-10-21T16:00:00+00:00,2023-10-24T04:00:00+00:00,3.3318272,3.79948270714,20.0,2.8072,,stop,15,هابط
FILUSDT,a_k3.0_SEL,2023-12-16T08:00:00+00:00,2023-12-17T00:00:00+00:00,5.2520329,5.4776934,20.0,0.8593,,stop,4,صاعد
HNTUSDT,a_k3.0_SEL,2021-09-20T16:00:00+00:00,2021-09-21T20:00:00+00:00,17.980654,16.8563072143,20.0,-1.2506,,stop,7,هابط
HNTUSDT,a_k3.0_SEL,2021-11-06T00:00:00+00:00,2021-11-07T12:00:00+00:00,33.7087205,49.9724655,20.0,9.6496,,stop,9,صاعد
HNTUSDT,a_k3.0_SEL,2021-11-26T12:00:00+00:00,2021-12-03T20:00:00+00:00,40.0560115,35.0335336939,20.0,-2.5077,,stop,44,صاعد
HNTUSDT,a_k3.0_SEL,2021-12-27T12:00:00+00:00,2021-12-28T00:00:00+00:00,41.3775295,38.1300580196,20.0,-1.5697,,stop,3,صاعد
HNTUSDT,a_k3.0_SEL,2022-03-25T20:00:00+00:00,2022-04-01T00:00:00+00:00,23.486979,23.3217205714,20.0,-0.1407,,stop,37,هابط
HNTUSDT,a_k3.0_SEL,2022-04-18T20:00:00+00:00,2022-04-21T20:00:00+00:00,19.001827,17.7638337857,20.0,-1.303,,stop,18,هابط
HNTUSDT,a_k3.0_SEL,2022-07-27T20:00:00+00:00,2022-08-01T16:00:00+00:00,9.030373,8.80557621429,20.0,-0.4979,,stop,29,هابط
HNTUSDT,a_k3.0_SEL,2022-09-07T04:00:00+00:00,2022-09-08T04:00:00+00:00,3.824393,4.79733385714,20.0,5.0881,,stop,6,هابط
HNTUSDT,a_k3.0_SEL,2022-09-28T16:00:00+00:00,2022-10-07T04:00:00+00:00,5.145911,4.97998071429,20.0,-0.6449,,stop,51,هابط
IMXUSDT,a_k3.0_SEL,2022-01-22T12:00:00+00:00,2022-02-04T00:00:00+00:00,2.39975655,3.23541784286,20.0,6.9646,,stop,75,هابط
IMXUSDT,a_k3.0_SEL,2022-02-08T08:00:00+00:00,2022-02-08T12:00:00+00:00,3.1976731,2.70634293665,20.0,-3.073,,stop,1,هابط
IMXUSDT,a_k3.0_SEL,2022-03-07T16:00:00+00:00,2022-03-08T12:00:00+00:00,1.51473995,1.49456498571,20.0,-0.2664,,stop,5,هابط
IMXUSDT,a_k3.0_SEL,2022-03-19T12:00:00+00:00,2022-03-20T08:00:00+00:00,1.90118385,2.01082774286,20.0,1.1534,,stop,5,هابط
IMXUSDT,a_k3.0_SEL,2022-05-21T20:00:00+00:00,2022-05-26T04:00:00+00:00,0.95209365,0.8610087,20.0,-1.9134,,stop,26,هابط
IMXUSDT,a_k3.0_SEL,2022-06-28T20:00:00+00:00,2022-07-02T00:00:00+00:00,0.85798555,0.882127242857,20.0,0.5628,,stop,19,هابط
IMXUSDT,a_k3.0_SEL,2022-07-27T20:00:00+00:00,2022-07-30T20:00:00+00:00,0.8669959,1.15780984286,20.0,6.7085,,stop,18,هابط
IMXUSDT,a_k3.0_SEL,2022-08-29T08:00:00+00:00,2022-09-06T16:00:00+00:00,0.8489752,0.785035655306,20.0,-1.5063,,stop,50,هابط
IMXUSDT,a_k3.0_SEL,2022-09-07T16:00:00+00:00,2022-09-12T16:00:00+00:00,0.80792805,0.836893607143,20.0,0.717,,stop,30,هابط
IMXUSDT,a_k3.0_SEL,2022-09-18T20:00:00+00:00,2022-09-18T20:00:00+00:00,0.82394645,0.783401643725,20.0,-0.9842,,stop,0,هابط
IMXUSDT,a_k3.0_SEL,2022-10-13T08:00:00+00:00,2022-10-19T00:00:00+00:00,0.6267199,0.601878471429,20.0,-0.7927,,stop,34,هابط
IMXUSDT,a_k3.0_SEL,2022-10-25T20:00:00+00:00,2022-10-28T00:00:00+00:00,0.5766624,0.577192607143,20.0,0.0184,,stop,13,هابط
IMXUSDT,a_k3.0_SEL,2022-11-03T08:00:00+00:00,2022-11-05T08:00:00+00:00,0.6086992,0.647540185714,20.0,1.2762,,stop,12,هابط
IMXUSDT,a_k3.0_SEL,2022-11-22T00:00:00+00:00,2022-12-07T12:00:00+00:00,0.41547725,0.44848365,20.0,1.5888,,stop,93,هابط
IMXUSDT,a_k3.0_SEL,2022-12-13T16:00:00+00:00,2022-12-16T16:00:00+00:00,0.4385037,0.439351307143,20.0,0.0387,,stop,18,هابط
IMXUSDT,a_k3.0_SEL,2022-12-19T20:00:00+00:00,2022-12-22T12:00:00+00:00,0.43750255,0.426651642857,20.0,-0.496,,stop,16,هابط
IMXUSDT,a_k3.0_SEL,2023-01-08T16:00:00+00:00,2023-01-09T12:00:00+00:00,0.4304945,0.475595292857,20.0,2.0953,,stop,5,هابط
IMXUSDT,a_k3.0_SEL,2023-01-10T20:00:00+00:00,2023-01-18T12:00:00+00:00,0.4945681,0.565777178571,20.0,2.8796,,stop,46,هابط
IMXUSDT,a_k3.0_SEL,2023-02-28T04:00:00+00:00,2023-03-02T08:00:00+00:00,1.03418795,0.9868638,20.0,-0.9152,,stop,13,صاعد
IMXUSDT,a_k3.0_SEL,2023-03-14T16:00:00+00:00,2023-03-15T12:00:00+00:00,1.2354191,1.06401550196,20.0,-2.7748,,stop,5,صاعد
IMXUSDT,a_k3.0_SEL,2023-03-20T20:00:00+00:00,2023-04-21T04:00:00+00:00,1.23842255,0.959639122996,20.0,-4.5022,,stop,188,صاعد
IMXUSDT,a_k3.0_SEL,2023-06-03T00:00:00+00:00,2023-06-05T12:00:00+00:00,0.8049246,0.756842914286,20.0,-1.1947,,stop,15,هابط
IMXUSDT,a_k3.0_SEL,2023-07-13T20:00:00+00:00,2023-07-14T16:00:00+00:00,0.75586825,0.737722071429,20.0,-0.4801,,stop,5,هابط
IMXUSDT,a_k3.0_SEL,2023-07-28T04:00:00+00:00,2023-07-28T12:00:00+00:00,0.80472437,0.774080211429,20.0,-0.7616,,stop,2,هابط
IMXUSDT,a_k3.0_SEL,2023-08-15T16:00:00+00:00,2023-08-15T16:00:00+00:00,0.70300753,0.677067291876,20.0,-0.738,,stop,0,هابط
IMXUSDT,a_k3.0_SEL,2023-08-18T00:00:00+00:00,2023-09-10T04:00:00+00:00,0.59027804,0.522426557754,20.0,-2.299,,stop,139,هابط
IMXUSDT,a_k3.0_SEL,2023-09-21T04:00:00+00:00,2023-09-21T04:00:00+00:00,0.74625721,0.682043385637,20.0,-1.721,,stop,0,هابط
IMXUSDT,a_k3.0_SEL,2023-09-27T12:00:00+00:00,2023-10-02T16:00:00+00:00,0.562345955,0.568845075,20.0,0.2311,,stop,31,هابط
IMXUSDT,a_k3.0_SEL,2023-10-11T00:00:00+00:00,2023-10-11T04:00:00+00:00,0.540921345,0.510405131882,20.0,-1.1283,,stop,1,هابط
IMXUSDT,a_k3.0_SEL,2023-10-16T04:00:00+00:00,2023-10-17T12:00:00+00:00,0.540721115,0.532843667143,20.0,-0.2914,,stop,8,هابط
IMXUSDT,a_k3.0_SEL,2023-10-23T12:00:00+00:00,2023-10-25T04:00:00+00:00,0.600990345,0.608756267143,20.0,0.2584,,stop,10,هابط
IMXUSDT,a_k3.0_SEL,2023-11-19T12:00:00+00:00,2023-11-30T00:00:00+00:00,1.297390285,1.24733534143,20.0,-0.7716,,stop,63,صاعد
IMXUSDT,a_k3.0_SEL,2023-12-09T20:00:00+00:00,2023-12-11T00:00:00+00:00,1.926512945,1.70963388815,20.0,-2.2515,,stop,7,صاعد
LINKUSDT,a_k3.0_SEL,2021-10-27T12:00:00+00:00,2021-11-10T20:00:00+00:00,29.533925,32.7979532143,20.0,2.2104,,stop,86,عرضي
LINKUSDT,a_k3.0_SEL,2022-01-22T12:00:00+00:00,2022-02-20T04:00:00+00:00,15.6079285,14.7572952857,20.0,-1.09,,stop,172,هابط
LINKUSDT,a_k3.0_SEL,2022-05-10T04:00:00+00:00,2022-05-11T12:00:00+00:00,8.329568,7.2816165,20.0,-2.5162,,stop,8,هابط
LINKUSDT,a_k3.0_SEL,2023-07-14T20:00:00+00:00,2023-07-24T08:00:00+00:00,6.7918016,7.63149938571,20.0,2.4727,,stop,57,عرضي
LINKUSDT,a_k3.0_SEL,2023-08-09T16:00:00+00:00,2023-08-14T00:00:00+00:00,7.7228711,7.30125070895,20.0,-1.0919,,stop,26,صاعد
LINKUSDT,a_k3.0_SEL,2023-08-14T16:00:00+00:00,2023-08-15T04:00:00+00:00,7.5967262,7.33274811666,20.0,-0.695,,stop,3,صاعد
LINKUSDT,a_k3.0_SEL,2023-08-29T16:00:00+00:00,2023-08-30T12:00:00+00:00,6.1891093,5.91426435109,20.0,-0.8882,,stop,5,هابط
LINKUSDT,a_k3.0_SEL,2023-09-18T04:00:00+00:00,2023-10-01T16:00:00+00:00,6.6296153,7.80644082857,20.0,3.5502,,stop,81,هابط
LINKUSDT,a_k3.0_SEL,2023-10-20T12:00:00+00:00,2023-10-22T08:00:00+00:00,7.6187515,9.26576067857,20.0,4.3236,,stop,11,صاعد
LINKUSDT,a_k3.0_SEL,2023-10-23T04:00:00+00:00,2023-11-09T16:00:00+00:00,10.8144223,14.1114674143,20.0,6.0975,,stop,105,صاعد
LINKUSDT,a_k3.0_SEL,2023-12-11T04:00:00+00:00,2023-12-29T16:00:00+00:00,15.117365,15.2718457286,20.0,0.2044,,stop,111,صاعد
PEPEUSDT,a_k3.0_SEL,2023-05-20T20:00:00+00:00,2023-05-22T00:00:00+00:00,1.7520125e-06,1.55201134634e-06,20.0,-2.2831,,stop,7,هابط
PEPEUSDT,a_k3.0_SEL,2023-06-05T20:00:00+00:00,2023-06-08T00:00:00+00:00,1.0311845e-06,1.03595014286e-06,20.0,0.0924,,stop,13,هابط
PEPEUSDT,a_k3.0_SEL,2023-06-10T08:00:00+00:00,2023-06-24T12:00:00+00:00,9.310695e-07,1.52538664286e-06,20.0,12.7663,,stop,85,هابط
PEPEUSDT,a_k3.0_SEL,2023-07-03T12:00:00+00:00,2023-07-05T08:00:00+00:00,1.8120815e-06,1.64768448128e-06,20.0,-1.8145,,stop,11,هابط
PEPEUSDT,a_k3.0_SEL,2023-07-10T04:00:00+00:00,2023-07-14T16:00:00+00:00,1.4716905e-06,1.70089885714e-06,20.0,3.1149,,stop,27,عرضي
PEPEUSDT,a_k3.0_SEL,2023-07-21T16:00:00+00:00,2023-07-24T08:00:00+00:00,1.5317595e-06,1.43189663729e-06,20.0,-1.3039,,stop,16,هابط
PEPEUSDT,a_k3.0_SEL,2023-08-18T00:00:00+00:00,2023-08-25T00:00:00+00:00,1.0912535e-06,9.04497844189e-07,20.0,-3.4228,,stop,42,هابط
PEPEUSDT,a_k3.0_SEL,2023-08-29T16:00:00+00:00,2023-09-01T16:00:00+00:00,8.710005e-07,7.84383135139e-07,20.0,-1.9889,,stop,18,هابط
PEPEUSDT,a_k3.0_SEL,2023-09-22T16:00:00+00:00,2023-10-02T16:00:00+00:00,7.00805e-07,7.51991357143e-07,20.0,1.4608,,stop,60,هابط
PEPEUSDT,a_k3.0_SEL,2023-10-22T16:00:00+00:00,2023-10-24T04:00:00+00:00,7.308395e-07,9.38919e-07,20.0,5.6943,,stop,9,هابط
PEPEUSDT,a_k3.0_SEL,2023-10-25T16:00:00+00:00,2023-11-21T20:00:00+00:00,1.221403e-06,1.03024242857e-06,20.0,-3.1302,,stop,163,هابط
SHIBUSDT,a_k3.0_SEL,2021-09-16T20:00:00+00:00,2021-09-17T08:00:00+00:00,8.0993035e-06,8.39604771429e-06,20.0,0.7328,,stop,3,هابط
SHIBUSDT,a_k3.0_SEL,2021-10-03T00:00:00+00:00,2021-10-05T00:00:00+00:00,7.8790505e-06,1.3464498e-05,20.0,14.178,,stop,12,صاعد
SHIBUSDT,a_k3.0_SEL,2021-10-05T16:00:00+00:00,2021-10-07T04:00:00+00:00,1.9362241e-05,2.86584334286e-05,20.0,9.6024,,stop,9,صاعد
SHIBUSDT,a_k3.0_SEL,2021-10-18T00:00:00+00:00,2021-10-24T12:00:00+00:00,2.77819125e-05,3.88138840714e-05,20.0,7.9418,,stop,39,صاعد
SHIBUSDT,a_k3.0_SEL,2021-11-04T16:00:00+00:00,2021-11-16T08:00:00+00:00,4.49416235e-05,4.51894009286e-05,20.0,0.1103,,stop,70,صاعد
SHIBUSDT,a_k3.0_SEL,2021-11-19T16:00:00+00:00,2021-11-21T08:00:00+00:00,5.1799501e-05,4.52010313953e-05,20.0,-2.5477,,stop,10,صاعد
SHIBUSDT,a_k3.0_SEL,2021-11-25T20:00:00+00:00,2021-11-26T08:00:00+00:00,4.30394385e-05,3.58356800207e-05,20.0,-3.3475,,stop,3,صاعد
SHIBUSDT,a_k3.0_SEL,2022-03-19T16:00:00+00:00,2022-03-19T20:00:00+00:00,2.53591295e-05,2.38673647154e-05,20.0,-1.1765,,stop,1,هابط
SHIBUSDT,a_k3.0_SEL,2022-03-23T20:00:00+00:00,2022-03-28T20:00:00+00:00,2.3967531e-05,2.72857281429e-05,20.0,2.7689,,stop,30,هابط
SHIBUSDT,a_k3.0_SEL,2022-04-12T12:00:00+00:00,2022-04-12T16:00:00+00:00,2.48986005e-05,2.67591915e-05,20.0,1.4945,,stop,1,هابط
SHIBUSDT,a_k3.0_SEL,2022-04-25T20:00:00+00:00,2022-04-26T12:00:00+00:00,2.4928635e-05,2.32536482305e-05,20.0,-1.3438,,stop,4,هابط
SHIBUSDT,a_k3.0_SEL,2022-05-10T04:00:00+00:00,2022-05-11T12:00:00+00:00,1.4957181e-05,1.39881807857e-05,20.0,-1.2957,,stop,8,هابط
SHIBUSDT,a_k3.0_SEL,2022-05-29T16:00:00+00:00,2022-06-01T16:00:00+00:00,1.1553271e-05,1.12128047143e-05,20.0,-0.5894,,stop,18,هابط
SHIBUSDT,a_k3.0_SEL,2022-06-21T12:00:00+00:00,2022-06-21T20:00:00+00:00,9.070419e-06,1.0527879e-05,20.0,3.2137,,stop,2,هابط
SHIBUSDT,a_k3.0_SEL,2022-07-18T16:00:00+00:00,2022-07-18T20:00:00+00:00,1.19036735e-05,1.13155435714e-05,20.0,-0.9881,,stop,1,هابط
SHIBUSDT,a_k3.0_SEL,2022-09-04T12:00:00+00:00,2022-09-05T08:00:00+00:00,1.2954881e-05,1.2246138869e-05,20.0,-1.0942,,stop,5,هابط
SHIBUSDT,a_k3.0_SEL,2022-09-21T20:00:00+00:00,2022-09-25T16:00:00+00:00,1.0672259e-05,1.09802153571e-05,20.0,0.5771,,stop,23,هابط
SHIBUSDT,a_k3.0_SEL,2022-10-04T20:00:00+00:00,2022-10-07T12:00:00+00:00,1.1513225e-05,1.10130454163e-05,20.0,-0.8689,,stop,16,هابط
SHIBUSDT,a_k3.0_SEL,2022-10-13T16:00:00+00:00,2022-10-19T20:00:00+00:00,9.931408e-06,9.76732607143e-06,20.0,-0.3304,,stop,37,هابط
SHIBUSDT,a_k3.0_SEL,2022-10-25T20:00:00+00:00,2022-10-27T08:00:00+00:00,1.03018335e-05,1.1167143e-05,20.0,1.6799,,stop,9,هابط
SHIBUSDT,a_k3.0_SEL,2022-10-28T20:00:00+00:00,2022-10-29T20:00:00+00:00,1.16834205e-05,1.2925119e-05,20.0,2.1256,,stop,6,هابط
SHIBUSDT,a_k3.0_SEL,2022-11-21T04:00:00+00:00,2022-11-21T16:00:00+00:00,8.6399245e-06,8.22331394397e-06,20.0,-0.9644,,stop,3,هابط
SHIBUSDT,a_k3.0_SEL,2022-11-25T12:00:00+00:00,2022-11-28T00:00:00+00:00,9.21058e-06,8.88405728571e-06,20.0,-0.709,,stop,15,هابط
SHIBUSDT,a_k3.0_SEL,2022-12-05T08:00:00+00:00,2022-12-05T16:00:00+00:00,9.7812355e-06,9.35261047203e-06,20.0,-0.8764,,stop,2,هابط
SHIBUSDT,a_k3.0_SEL,2022-12-13T16:00:00+00:00,2022-12-16T08:00:00+00:00,9.1805455e-06,8.68126483696e-06,20.0,-1.0877,,stop,16,هابط
SHIBUSDT,a_k3.0_SEL,2022-12-18T04:00:00+00:00,2022-12-19T20:00:00+00:00,8.649936e-06,7.97289946646e-06,20.0,-1.5654,,stop,10,هابط
SHIBUSDT,a_k3.0_SEL,2022-12-29T16:00:00+00:00,2023-01-06T08:00:00+00:00,8.1193265e-06,8.19485078571e-06,20.0,0.186,,stop,46,هابط
SHIBUSDT,a_k3.0_SEL,2023-01-10T12:00:00+00:00,2023-01-11T00:00:00+00:00,9.5810055e-06,8.87614332582e-06,20.0,-1.4714,,stop,3,هابط
SHIBUSDT,a_k3.0_SEL,2023-02-19T20:00:00+00:00,2023-02-22T00:00:00+00:00,1.341541e-05,1.26437101356e-05,20.0,-1.1505,,stop,13,صاعد
SHIBUSDT,a_k3.0_SEL,2023-03-14T16:00:00+00:00,2023-03-15T12:00:00+00:00,1.17034435e-05,1.076604829e-05,20.0,-1.6019,,stop,5,هابط
SHIBUSDT,a_k3.0_SEL,2023-04-01T20:00:00+00:00,2023-04-02T12:00:00+00:00,1.13830755e-05,1.08509396953e-05,20.0,-0.935,,stop,4,هابط
SHIBUSDT,a_k3.0_SEL,2023-04-03T20:00:00+00:00,2023-04-20T16:00:00+00:00,1.1333018e-05,1.05136097143e-05,20.0,-1.4461,,stop,101,هابط
SHIBUSDT,a_k3.0_SEL,2023-05-06T16:00:00+00:00,2023-05-08T00:00:00+00:00,9.4007985e-06,8.9619090103e-06,20.0,-0.9337,,stop,8,هابط
SHIBUSDT,a_k3.0_SEL,2023-05-22T12:00:00+00:00,2023-05-24T00:00:00+00:00,8.830143e-06,8.709972e-06,20.0,-0.2722,,stop,9,هابط
SHIBUSDT,a_k3.0_SEL,2023-06-18T12:00:00+00:00,2023-06-18T20:00:00+00:00,7.228303e-06,7.05901564286e-06,20.0,-0.4684,,stop,2,هابط
SHIBUSDT,a_k3.0_SEL,2023-06-22T04:00:00+00:00,2023-06-24T16:00:00+00:00,8.129338e-06,7.67687571429e-06,20.0,-1.1132,,stop,15,هابط
SHIBUSDT,a_k3.0_SEL,2023-07-13T20:00:00+00:00,2023-07-14T16:00:00+00:00,7.949131e-06,7.88378035714e-06,20.0,-0.1644,,stop,5,هابط
SHIBUSDT,a_k3.0_SEL,2023-07-28T16:00:00+00:00,2023-07-30T16:00:00+00:00,8.3195565e-06,8.28474728571e-06,20.0,-0.0837,,stop,12,هابط
SHIBUSDT,a_k3.0_SEL,2023-08-29T16:00:00+00:00,2023-08-31T16:00:00+00:00,8.329568e-06,7.9454202468e-06,20.0,-0.9224,,stop,12,هابط
SHIBUSDT,a_k3.0_SEL,2023-09-23T20:00:00+00:00,2023-09-24T04:00:00+00:00,7.5787055e-06,7.32562847082e-06,20.0,-0.6679,,stop,2,هابط
SHIBUSDT,a_k3.0_SEL,2023-10-24T04:00:00+00:00,2023-10-26T12:00:00+00:00,7.4585675e-06,7.63549478571e-06,20.0,0.4744,,stop,14,هابط
SHIBUSDT,a_k3.0_SEL,2023-11-09T20:00:00+00:00,2023-11-12T00:00:00+00:00,8.109315e-06,8.7599145e-06,20.0,1.6046,,stop,13,عرضي
SHIBUSDT,a_k3.0_SEL,2023-12-16T20:00:00+00:00,2023-12-17T04:00:00+00:00,1.06021785e-05,1.07832992143e-05,20.0,0.3417,,stop,2,صاعد
SOLUSDT,a_k3.0_SEL,2021-10-15T08:00:00+00:00,2021-10-22T16:00:00+00:00,161.78584,195.814554,20.0,4.2066,,stop,44,صاعد
SOLUSDT,a_k3.0_SEL,2021-10-27T12:00:00+00:00,2021-11-10T20:00:00+00:00,190.198477,224.866819714,20.0,3.6455,,stop,86,صاعد
SOLUSDT,a_k3.0_SEL,2021-11-11T00:00:00+00:00,2021-11-16T08:00:00+00:00,233.328019,215.249321143,20.0,-1.5496,,stop,32,صاعد
SOLUSDT,a_k3.0_SEL,2021-11-30T16:00:00+00:00,2021-12-03T16:00:00+00:00,213.2749845,215.537560714,20.0,0.2122,,stop,18,صاعد
SOLUSDT,a_k3.0_SEL,2021-12-04T08:00:00+00:00,2021-12-13T12:00:00+00:00,193.261996,160.109800597,20.0,-3.4308,,stop,55,صاعد
SOLUSDT,a_k3.0_SEL,2022-05-10T04:00:00+00:00,2022-05-11T12:00:00+00:00,64.534129,58.1287892143,20.0,-1.9851,,stop,8,هابط
SOLUSDT,a_k3.0_SEL,2022-07-27T20:00:00+00:00,2022-08-01T16:00:00+00:00,39.425287,40.7830455,20.0,0.6888,,stop,29,هابط
SOLUSDT,a_k3.0_SEL,2022-08-03T04:00:00+00:00,2022-08-17T12:00:00+00:00,38.584321,42.0630004286,20.0,1.8032,,stop,86,هابط
SOLUSDT,a_k3.0_SEL,2022-09-06T04:00:00+00:00,2022-09-06T16:00:00+00:00,32.7676395,31.4181132857,20.0,-0.8237,,stop,3,هابط
SOLUSDT,a_k3.0_SEL,2022-09-12T12:00:00+00:00,2022-09-13T12:00:00+00:00,37.743355,35.2099597846,20.0,-1.3424,,stop,6,هابط
SOLUSDT,a_k3.0_SEL,2022-09-21T20:00:00+00:00,2022-10-11T00:00:00+00:00,31.5862825,31.3938555,20.0,-0.1218,,stop,115,هابط
SOLUSDT,a_k3.0_SEL,2022-10-13T16:00:00+00:00,2022-10-19T20:00:00+00:00,29.7041205,28.7240721429,20.0,-0.6599,,stop,37,هابط
SOLUSDT,a_k3.0_SEL,2022-10-25T20:00:00+00:00,2022-11-02T16:00:00+00:00,31.5462365,31.0513926429,20.0,-0.3137,,stop,47,هابط
SOLUSDT,a_k3.0_SEL,2022-11-04T16:00:00+00:00,2022-11-06T16:00:00+00:00,33.158088,34.8327533571,20.0,1.0101,,stop,12,هابط
SOLUSDT,a_k3.0_SEL,2022-12-13T16:00:00+00:00,2022-12-16T08:00:00+00:00,13.7457895,13.6699757143,20.0,-0.1103,,stop,16,هابط
SOLUSDT,a_k3.0_SEL,2022-12-30T00:00:00+00:00,2023-01-14T08:00:00+00:00,9.651086,22.2401087143,20.0,26.0883,,stop,92,هابط
SOLUSDT,a_k3.0_SEL,2023-04-11T08:00:00+00:00,2023-04-14T12:00:00+00:00,22.4958405,23.8939189286,20.0,1.243,,stop,19,هابط
SOLUSDT,a_k3.0_SEL,2023-04-19T12:00:00+00:00,2023-04-21T16:00:00+00:00,23.2366915,21.2657791262,20.0,-1.6964,,stop,13,عرضي
SOLUSDT,a_k3.0_SEL,2023-06-05T20:00:00+00:00,2023-06-07T16:00:00+00:00,20.0530345,18.6743913675,20.0,-1.375,,stop,11,هابط
SOLUSDT,a_k3.0_SEL,2023-06-10T08:00:00+00:00,2023-07-14T04:00:00+00:00,14.436583,28.507179,20.0,19.493,,stop,203,هابط
SOLUSDT,a_k3.0_SEL,2023-08-29T16:00:00+00:00,2023-08-31T12:00:00+00:00,21.3545295,20.2472897375,20.0,-1.037,,stop,11,هابط
SOLUSDT,a_k3.0_SEL,2023-09-05T16:00:00+00:00,2023-09-06T12:00:00+00:00,20.42346,19.4367962353,20.0,-0.9662,,stop,5,هابط
SOLUSDT,a_k3.0_SEL,2023-09-10T08:00:00+00:00,2023-09-10T12:00:00+00:00,18.541298,17.7833236323,20.0,-0.8176,,stop,1,هابط
SOLUSDT,a_k3.0_SEL,2023-09-30T16:00:00+00:00,2023-10-01T16:00:00+00:00,21.464656,22.6981527857,20.0,1.1493,,stop,6,هابط
SOLUSDT,a_k3.0_SEL,2023-10-30T12:00:00+00:00,2023-11-01T20:00:00+00:00,34.9901925,41.9517,20.0,3.9791,,stop,14,صاعد
SOLUSDT,a_k3.0_SEL,2023-11-07T20:00:00+00:00,2023-11-09T16:00:00+00:00,43.910439,43.0561427143,20.0,-0.3891,,stop,11,صاعد
VETUSDT,a_k3.0_SEL,2021-09-20T16:00:00+00:00,2021-09-21T20:00:00+00:00,0.095289457,0.0848988537673,20.0,-2.1809,,stop,7,هابط
VETUSDT,a_k3.0_SEL,2021-10-13T16:00:00+00:00,2021-10-27T08:00:00+00:00,0.113570456,0.131007739071,20.0,3.0707,,stop,82,هابط
VETUSDT,a_k3.0_SEL,2021-10-27T12:00:00+00:00,2021-11-10T20:00:00+00:00,0.1267956475,0.164657568643,20.0,5.9721,,stop,86,عرضي
VETUSDT,a_k3.0_SEL,2021-11-16T12:00:00+00:00,2021-11-18T12:00:00+00:00,0.1503426955,0.131906899347,20.0,-2.4525,,stop,12,صاعد
VETUSDT,a_k3.0_SEL,2021-12-04T08:00:00+00:00,2022-01-07T04:00:00+00:00,0.0877307745,0.0772225204286,20.0,-2.3956,,stop,203,هابط
VETUSDT,a_k3.0_SEL,2022-01-22T12:00:00+00:00,2022-02-18T00:00:00+00:00,0.051439087,0.0540206618571,20.0,1.0037,,stop,159,هابط
VETUSDT,a_k3.0_SEL,2022-03-27T00:00:00+00:00,2022-03-27T20:00:00+00:00,0.0644440255,0.0722796398571,20.0,2.4318,,stop,5,هابط
VETUSDT,a_k3.0_SEL,2022-05-04T20:00:00+00:00,2022-05-05T12:00:00+00:00,0.0523100875,0.0480315733101,20.0,-1.6358,,stop,4,هابط
VETUSDT,a_k3.0_SEL,2022-05-09T20:00:00+00:00,2022-05-11T04:00:00+00:00,0.0394553215,0.0364409018571,20.0,-1.528,,stop,8,هابط
VETUSDT,a_k3.0_SEL,2022-06-09T16:00:00+00:00,2022-06-10T12:00:00+00:00,0.0317865125,0.0297000912857,20.0,-1.3128,,stop,5,هابط
VETUSDT,a_k3.0_SEL,2022-07-27T20:00:00+00:00,2022-08-09T12:00:00+00:00,0.02462829,0.0301096197857,20.0,4.4512,,stop,76,هابط
VETUSDT,a_k3.0_SEL,2022-09-21T20:00:00+00:00,2022-10-13T04:00:00+00:00,0.022505852,0.0218691072857,20.0,-0.5658,,stop,128,هابط
VETUSDT,a_k3.0_SEL,2022-10-25T20:00:00+00:00,2022-11-02T08:00:00+00:00,0.0230564845,0.0229921000714,20.0,-0.0558,,stop,45,هابط
VETUSDT,a_k3.0_SEL,2022-12-10T12:00:00+00:00,2022-12-12T00:00:00+00:00,0.019522425,0.0189292027827,20.0,-0.6077,,stop,9,هابط
VETUSDT,a_k3.0_SEL,2023-01-09T00:00:00+00:00,2023-01-09T20:00:00+00:00,0.0171296765,0.0174513364286,20.0,0.3756,,stop,5,هابط
VETUSDT,a_k3.0_SEL,2023-03-14T16:00:00+00:00,2023-03-15T12:00:00+00:00,0.0250587845,0.0227718524335,20.0,-1.8253,,stop,5,هابط
VETUSDT,a_k3.0_SEL,2023-04-19T12:00:00+00:00,2023-04-20T16:00:00+00:00,0.0244380715,0.0228867214678,20.0,-1.2696,,stop,7,عرضي
VETUSDT,a_k3.0_SEL,2023-06-05T20:00:00+00:00,2023-06-07T16:00:00+00:00,0.0186714475,0.0178277077461,20.0,-0.9038,,stop,11,هابط
VETUSDT,a_k3.0_SEL,2023-06-10T08:00:00+00:00,2023-06-28T16:00:00+00:00,0.014877089,0.0176268486429,20.0,3.6966,,stop,110,هابط
VETUSDT,a_k3.0_SEL,2023-08-13T16:00:00+00:00,2023-08-15T12:00:00+00:00,0.018280999,0.0182361471429,20.0,-0.0491,,stop,11,هابط
VETUSDT,a_k3.0_SEL,2023-08-18T00:00:00+00:00,2023-10-09T16:00:00+00:00,0.0156880205,0.0161756622857,20.0,0.6217,,stop,316,هابط
VETUSDT,a_k3.0_SEL,2023-10-22T16:00:00+00:00,2023-10-24T16:00:00+00:00,0.01701955,0.0183431667857,20.0,1.5554,,stop,12,هابط
VETUSDT,a_k3.0_SEL,2023-10-31T08:00:00+00:00,2023-11-07T12:00:00+00:00,0.01882162,0.0206448025714,20.0,1.9373,,stop,43,عرضي
VETUSDT,a_k3.0_SEL,2023-11-21T20:00:00+00:00,2023-11-27T00:00:00+00:00,0.020163161,0.0216921681429,20.0,1.5166,,stop,31,صاعد
VETUSDT,a_k3.0_SEL,2023-12-11T16:00:00+00:00,2023-12-18T08:00:00+00:00,0.0272412915,0.0271030812857,20.0,-0.1015,,stop,40,صاعد
VETUSDT,a_k3.0_SEL,2023-12-30T20:00:00+00:00,2023-12-31T00:00:00+00:00,0.036602044,0.0349098075,20.0,-0.9247,,stop,1,صاعد
XLMUSDT,a_k3.0_SEL,2021-10-07T00:00:00+00:00,2021-10-10T20:00:00+00:00,0.35861193,0.331070046816,20.0,-1.536,,stop,23,هابط
XLMUSDT,a_k3.0_SEL,2021-11-10T00:00:00+00:00,2021-11-10T20:00:00+00:00,0.41307449,0.401081082857,20.0,-0.5807,,stop,5,صاعد
XLMUSDT,a_k3.0_SEL,2021-12-03T04:00:00+00:00,2021-12-03T20:00:00+00:00,0.34860043,0.327151913571,20.0,-1.2306,,stop,4,هابط
XLMUSDT,a_k3.0_SEL,2022-01-12T20:00:00+00:00,2022-01-14T08:00:00+00:00,0.28873166,0.266442755198,20.0,-1.5439,,stop,9,هابط
XLMUSDT,a_k3.0_SEL,2022-01-22T12:00:00+00:00,2022-02-11T20:00:00+00:00,0.183911255,0.212683703571,20.0,3.1289,,stop,122,هابط
XLMUSDT,a_k3.0_SEL,2022-04-15T04:00:00+00:00,2022-04-17T20:00:00+00:00,0.21004127,0.198009725218,20.0,-1.1456,,stop,16,هابط
XLMUSDT,a_k3.0_SEL,2022-04-20T12:00:00+00:00,2022-04-21T20:00:00+00:00,0.205936555,0.193624344926,20.0,-1.1957,,stop,8,هابط
XLMUSDT,a_k3.0_SEL,2022-05-09T20:00:00+00:00,2022-05-11T12:00:00+00:00,0.144465945,0.134373863571,20.0,-1.3972,,stop,10,هابط
XLMUSDT,a_k3.0_SEL,2022-05-12T08:00:00+00:00,2022-06-13T04:00:00+00:00,0.117034435,0.109573845,20.0,-1.2749,,stop,191,هابط
XLMUSDT,a_k3.0_SEL,2022-08-26T12:00:00+00:00,2022-08-26T12:00:00+00:00,0.110827305,0.106722290206,20.0,-0.7408,,stop,0,هابط
XLMUSDT,a_k3.0_SEL,2022-09-20T16:00:00+00:00,2022-09-21T20:00:00+00:00,0.11873639,0.10918211458,20.0,-1.6093,,stop,7,هابط
XLMUSDT,a_k3.0_SEL,2022-10-25T20:00:00+00:00,2022-11-01T12:00:00+00:00,0.11272949,0.10887465,20.0,-0.6839,,stop,40,هابط
XLMUSDT,a_k3.0_SEL,2022-11-04T12:00:00+00:00,2022-11-07T04:00:00+00:00,0.113029835,0.108218262857,20.0,-0.8514,,stop,16,هابط
XLMUSDT,a_k3.0_SEL,2022-11-21T12:00:00+00:00,2022-11-28T08:00:00+00:00,0.08629913,0.08510202,20.0,-0.2774,,stop,41,هابط
XLMUSDT,a_k3.0_SEL,2022-12-13T16:00:00+00:00,2022-12-15T16:00:00+00:00,0.084196715,0.0810676655635,20.0,-0.7433,,stop,12,هابط
XLMUSDT,a_k3.0_SEL,2023-01-18T20:00:00+00:00,2023-01-25T00:00:00+00:00,0.08469729,0.0887834957143,20.0,0.9649,,stop,37,عرضي
XLMUSDT,a_k3.0_SEL,2023-03-07T16:00:00+00:00,2023-03-08T04:00:00+00:00,0.083195565,0.0805492552788,20.0,-0.6362,,stop,3,هابط
XLMUSDT,a_k3.0_SEL,2023-03-21T16:00:00+00:00,2023-03-22T16:00:00+00:00,0.09230603,0.0908668114286,20.0,-0.3118,,stop,6,هابط
XLMUSDT,a_k3.0_SEL,2023-05-31T00:00:00+00:00,2023-06-05T12:00:00+00:00,0.09090442,0.0895683064286,20.0,-0.294,,stop,33,هابط
XLMUSDT,a_k3.0_SEL,2023-06-21T16:00:00+00:00,2023-06-28T08:00:00+00:00,0.08569844,0.0997423071429,20.0,3.2775,,stop,40,هابط
XLMUSDT,a_k3.0_SEL,2023-07-19T04:00:00+00:00,2023-07-20T08:00:00+00:00,0.140060885,0.160857657857,20.0,2.9697,,stop,7,صاعد
XLMUSDT,a_k3.0_SEL,2023-07-27T00:00:00+00:00,2023-07-30T20:00:00+00:00,0.155879055,0.152766972857,20.0,-0.3993,,stop,23,صاعد
XLMUSDT,a_k3.0_SEL,2023-08-15T20:00:00+00:00,2023-08-17T12:00:00+00:00,0.1281472,0.122744395714,20.0,-0.8432,,stop,10,صاعد
XLMUSDT,a_k3.0_SEL,2023-10-31T12:00:00+00:00,2023-11-03T00:00:00+00:00,0.12274099,0.116606737861,20.0,-0.9995,,stop,15,صاعد
XLMUSDT,a_k3.0_SEL,2023-11-05T12:00:00+00:00,2023-11-07T12:00:00+00:00,0.127246165,0.125583983571,20.0,-0.2613,,stop,12,صاعد
XLMUSDT,a_k3.0_SEL,2023-11-09T20:00:00+00:00,2023-11-14T00:00:00+00:00,0.120638575,0.120975004286,20.0,0.0558,,stop,25,صاعد
XLMUSDT,a_k3.0_SEL,2023-12-25T12:00:00+00:00,2023-12-26T04:00:00+00:00,0.13054996,0.125922839153,20.0,-0.7089,,stop,4,صاعد
XLMUSDT,a_k3.0_SEL,2023-12-30T16:00:00+00:00,2023-12-31T00:00:00+00:00,0.135255365,0.13084935,20.0,-0.6515,,stop,2,صاعد
