category,kind,strategy,symbol,regime,trigger,side,entry_bar,exit_bar,entry_time,exit_time,bars_held,net_frac,pnl_usd,notional_usd,reason,cycles,success,risk_accepted,risk_reason,risk_would_block,entry_px,entry_ref_px,entry_cost_pct,exit_px,mult,experiment,series,snapshot
دوناتشيان,donchian,donchian,FILUSDT,عرضي,Donchian-96/48,1,2358,2530,2023-09-02T15:18:00+00:00,2023-09-02T18:10:00+00:00,172,-0.026659466196884824,-26.659466196884825,1000.0,كسر-سفلي,0,False,True,,False,3.2269015999999997,3.224,0.0009,3.15,1,baseline,0,"""{\""system\"": \""Donchian-96/48\"", \""channel_tf\"": \""15m\"", \""capital\"": 1000.0}"""
دوناتشيان,donchian,donchian,FILUSDT,عرضي,Donchian-96/48,1,4459,5060,2023-09-04T02:19:00+00:00,2023-09-04T12:20:00+00:00,601,-0.010987890830716652,-10.987890830716651,1000.0,كسر-سفلي,0,False,True,,False,3.1999188,3.198,0.0006,3.173,1,baseline,0,"""{\""system\"": \""Donchian-96/48\"", \""channel_tf\"": \""15m\"", \""capital\"": 1000.0}"""
دوناتشيان,donchian,donchian,FILUSDT,عرضي,Donchian-96/48,1,6317,8119,2023-09-05T09:17:00+00:00,2023-09-06T15:19:00+00:00,1802,-0.00041174413891163514,-0.41174413891163514,1000.0,كسر-سفلي,0,False,True,,False,3.2129266,3.211,0.0006,3.219,1,baseline,0,"""{\""system\"": \""Donchian-96/48\"", \""channel_tf\"": \""15m\"", \""capital\"": 1000.0}"""
دوناتشيان,donchian,donchian,FILUSDT,عرضي,Donchian-96/48,1,8276,9067,2023-09-06T17:56:00+00:00,2023-09-07T07:07:00+00:00,791,-0.02140828542898485,-21.40828542898485,1000.0,كسر-سفلي,0,False,True,,False,3.2849538,3.282,0.0009,3.223,1,baseline,0,"""{\""system\"": \""Donchian-96/48\"", \""channel_tf\"": \""15m\"", \""capital\"": 1000.0}"""
دوناتشيان,donchian,donchian,FILUSDT,عرضي,Donchian-96/48,1,9910,10681,2023-09-07T21:10:00+00:00,2023-09-08T10:01:00+00:00,771,-0.01902620098445665,-19.02620098445665,1000.0,كسر-سفلي,0,False,True,,False,3.2729429999999997,3.27,0.0009,3.22,1,baseline,0,"""{\""system\"": \""Donchian-96/48\"", \""channel_tf\"": \""15m\"", \""capital\"": 1000.0}"""
دوناتشيان,donchian,donchian,FILUSDT,عرضي,Donchian-96/48,1,12410,12981,2023-09-09T14:50:00+00:00,2023-09-10T00:21:00+00:00,571,-0.015172530493165186,-15.172530493165185,1000.0,كسر-سفلي,0,False,True,,False,3.2469737999999997,3.246,0.0003,3.207,1,baseline,0,"""{\""system\"": \""Donchian-96/48\"", \""channel_tf\"": \""15m\"", \""capital\"": 1000.0}"""
دوناتشيان,donchian,donchian,FILUSDT,عرضي,Donchian-96/48,1,16048,17231,2023-09-12T03:28:00+00:00,2023-09-12T23:11:00+00:00,1183,-0.01906609450146009,-19.066094501460093,1000.0,كسر-سفلي,0,False,True,,False,3.1338178999999995,3.131,0.0009,3.083,1,baseline,0,"""{\""system\"": \""Donchian-96/48\"", \""channel_tf\"": \""15m\"", \""capital\"": 1000.0}"""
دوناتشيان,donchian,donchian,FILUSDT,عرضي,Donchian-96/48,1,18147,18985,2023-09-13T14:27:00+00:00,2023-09-14T04:25:00+00:00,838,-0.011947610239246636,-11.947610239246636,1000.0,كسر-سفلي,0,False,True,,False,3.1909134,3.189,0.0006,3.161,1,baseline,0,"""{\""system\"": \""Donchian-96/48\"", \""channel_tf\"": \""15m\"", \""capital\"": 1000.0}"""
دوناتشيان,donchian,donchian,FILUSDT,عرضي,Donchian-96/48,1,19524,22413,2023-09-14T13:24:00+00:00,2023-09-16T13:33:00+00:00,2889,0.0369387892455968,36.9387892455968,1000.0,كسر-سفلي,0,True,True,,False,3.2309373999999997,3.229,0.0006,3.358,1,baseline,0,"""{\""system\"": \""Donchian-96/48\"", \""channel_tf\"": \""15m\"", \""capital\"": 1000.0}"""
دوناتشيان,donchian,donchian,FILUSDT,عرضي,Donchian-96/48,1,23897,24282,2023-09-17T14:17:00+00:00,2023-09-17T20:42:00+00:00,385,-0.0325190191980709,-32.5190191980709,1000.0,كسر-سفلي,0,False,True,,False,3.3670275999999997,3.364,0.0009,3.267,1,baseline,0,"""{\""system\"": \""Donchian-96/48\"", \""channel_tf\"": \""15m\"", \""capital\"": 1000.0}"""
دوناتشيان,donchian,donchian,FILUSDT,عرضي,Donchian-96/48,1,25483,25745,2023-09-18T16:43:00+00:00,2023-09-18T21:05:00+00:00,262,-0.023962246029005835,-23.962246029005836,1000.0,كسر-سفلي,0,False,True,,False,3.4100447999999997,3.408,0.0006,3.337,1,baseline,0,"""{\""system\"": \""Donchian-96/48\"", \""channel_tf\"": \""15m\"", \""capital\"": 1000.0}"""
دوناتشيان,donchian,donchian,FILUSDT,عرضي,Donchian-96/48,1,27483,27725,2023-09-20T02:03:00+00:00,2023-09-20T06:05:00+00:00,242,-0.0210112120557999,-21.011212055799902,1000.0,كسر-سفلي,0,False,True,,False,3.4150477999999995,3.413,0.0006,3.352,1,baseline,0,"""{\""system\"": \""Donchian-96/48\"", \""channel_tf\"": \""15m\"", \""capital\"": 1000.0}"""
دوناتشيان,donchian,donchian,FILUSDT,عرضي,Donchian-96/48,1,32844,34277,2023-09-23T19:24:00+00:00,2023-09-24T19:17:00+00:00,1433,-0.009051611853205644,-9.051611853205644,1000.0,كسر-سفلي,0,False,True,,False,3.2459735,3.245,0.0003,3.224,1,baseline,0,"""{\""system\"": \""Donchian-96/48\"", \""channel_tf\"": \""15m\"", \""capital\"": 1000.0}"""
دوناتشيان,donchian,donchian,FILUSDT,عرضي,Donchian-96/48,1,38021,38525,2023-09-27T09:41:00+00:00,2023-09-27T18:05:00+00:00,504,-0.012800347738163676,-12.800347738163676,1000.0,كسر-سفلي,0,False,True,,False,3.2198952999999997,3.217,0.0009,3.186,1,baseline,0,"""{\""system\"": \""Donchian-96/48\"", \""channel_tf\"": \""15m\"", \""capital\"": 1000.0}"""
دوناتشيان,donchian,donchian,FILUSDT,عرضي,Donchian-96/48,1,39759,41170,2023-09-28T14:39:00+00:00,2023-09-29T14:10:00+00:00,1411,-0.0013616926996346719,-1.3616926996346719,1000.0,كسر-سفلي,0,False,True,,False,3.2799492999999997,3.277,0.0009,3.285,1,baseline,0,"""{\""system\"": \""Donchian-96/48\"", \""channel_tf\"": \""15m\"", \""capital\"": 1000.0}"""
دوناتشيان,donchian,donchian,FILUSDT,عرضي,Donchian-96/48,1,41245,41979,2023-09-29T15:25:00+00:00,2023-09-30T03:39:00+00:00,734,-0.010354171200472845,-10.354171200472846,1000.0,كسر-سفلي,0,False,True,,False,3.3440029,3.343,0.0003,3.317,1,baseline,0,"""{\""system\"": \""Donchian-96/48\"", \""channel_tf\"": \""15m\"", \""capital\"": 1000.0}"""
دوناتشيان,donchian,donchian,FILUSDT,عرضي,Donchian-96/48,1,43039,44265,2023-09-30T21:19:00+00:00,2023-10-01T17:45:00+00:00,1226,-0.008810551824515886,-8.810551824515885,1000.0,كسر-سفلي,0,False,True,,False,3.3730116,3.372,0.0003,3.352,1,baseline,0,"""{\""system\"": \""Donchian-96/48\"", \""channel_tf\"": \""15m\"", \""capital\"": 1000.0}"""
دوناتشيان,donchian,donchian,FILUSDT,عرضي,Donchian-96/48,1,44538,45349,2023-10-01T22:18:00+00:00,2023-10-02T11:49:00+00:00,811,-0.010166628051444505,-10.166628051444505,1000.0,كسر-سفلي,0,False,True,,False,3.4420950999999995,3.439,0.0009,3.417,1,baseline,0,"""{\""system\"": \""Donchian-96/48\"", \""channel_tf\"": \""15m\"", \""capital\"": 1000.0}"""
دوناتشيان,donchian,donchian,FILUSDT,عرضي,Donchian-96/48,1,51331,52326,2023-10-06T15:31:00+00:00,2023-10-07T08:06:00+00:00,995,0.004959160694258562,4.9591606942585615,1000.0,كسر-سفلي,0,True,True,,False,3.3009899999999996,3.3,0.0003,3.325,1,baseline,0,"""{\""system\"": \""Donchian-96/48\"", \""channel_tf\"": \""15m\"", \""capital\"": 1000.0}"""
دوناتشيان,donchian,donchian,FILUSDT,عرضي,Donchian-96/48,1,52690,54730,2023-10-07T14:10:00+00:00,2023-10-09T00:10:00+00:00,2040,0.0006538719924707694,0.6538719924707694,1000.0,كسر-سفلي,0,True,True,,False,3.3760125,3.375,0.0003,3.386,1,baseline,0,"""{\""system\"": \""Donchian-96/48\"", \""channel_tf\"": \""15m\"", \""capital\"": 1000.0}"""
دوناتشيان,donchian,donchian,FILUSDT,عرضي,Donchian-96/48,1,59799,61378,2023-10-12T12:39:00+00:00,2023-10-13T14:58:00+00:00,1579,-0.005689178340485822,-5.689178340485823,1000.0,كسر-سفلي,0,False,True,,False,3.1998773,3.197,0.0009,3.189,1,baseline,0,"""{\""system\"": \""Donchian-96/48\"", \""channel_tf\"": \""15m\"", \""capital\"": 1000.0}"""
دوناتشيان,donchian,donchian,FILUSDT,عرضي,Donchian-96/48,1,61742,62668,2023-10-13T21:02:00+00:00,2023-10-14T12:28:00+00:00,926,-0.013353743170410104,-13.353743170410104,1000.0,كسر-سفلي,0,False,True,,False,3.2409141999999997,3.238,0.0009,3.205,1,baseline,0,"""{\""system\"": \""Donchian-96/48\"", \""channel_tf\"": \""15m\"", \""capital\"": 1000.0}"""
دوناتشيان,donchian,donchian,FILUSDT,عرضي,Donchian-96/48,1,64603,65630,2023-10-15T20:43:00+00:00,2023-10-16T13:50:00+00:00,1027,-0.008103604634217661,-8.103604634217662,1000.0,كسر-سفلي,0,False,True,,False,3.2389124,3.236,0.0009,3.222,1,baseline,0,"""{\""system\"": \""Donchian-96/48\"", \""channel_tf\"": \""15m\"", \""capital\"": 1000.0}"""
دوناتشيان,donchian,donchian,FILUSDT,عرضي,Donchian-96/48,1,70691,71590,2023-10-20T02:11:00+00:00,2023-10-20T17:10:00+00:00,899,0.0011456774426009488,1.1456774426009488,1000.0,كسر-سفلي,0,True,True,,False,3.1989593999999997,3.198,0.0003,3.21,1,baseline,0,"""{\""system\"": \""Donchian-96/48\"", \""channel_tf\"": \""15m\"", \""capital\"": 1000.0}"""
دوناتشيان,donchian,donchian,FILUSDT,عرضي,Donchian-96/48,1,72830,75693,2023-10-21T13:50:00+00:00,2023-10-23T13:33:00+00:00,2863,0.04812566035890768,48.12566035890768,1000.0,كسر-سفلي,0,True,True,,False,3.2639788999999997,3.263,0.0003,3.431,1,baseline,0,"""{\""system\"": \""Donchian-96/48\"", \""channel_tf\"": \""15m\"", \""capital\"": 1000.0}"""
دوناتشيان,donchian,donchian,FILUSDT,عرضي,Donchian-96/48,1,75910,77251,2023-10-23T17:10:00+00:00,2023-10-24T15:31:00+00:00,1341,0.05054067121162482,50.54067121162482,1000.0,كسر-سفلي,0,True,True,,False,3.5440629,3.543,0.0003,3.734,1,baseline,0,"""{\""system\"": \""Donchian-96/48\"", \""channel_tf\"": \""15m\"", \""capital\"": 1000.0}"""
دوناتشيان,donchian,donchian,FILUSDT,عرضي,Donchian-96/48,1,79680,79903,2023-10-26T08:00:00+00:00,2023-10-26T11:43:00+00:00,223,-0.035991903276713456,-35.99190327671346,1000.0,كسر-سفلي,0,False,True,,False,3.8623159999999994,3.86,0.0006,3.733,1,baseline,0,"""{\""system\"": \""Donchian-96/48\"", \""channel_tf\"": \""15m\"", \""capital\"": 1000.0}"""
دوناتشيان,donchian,donchian,FILUSDT,عرضي,Donchian-96/48,1,83240,85329,2023-10-28T19:20:00+00:00,2023-10-30T06:09:00+00:00,2089,0.015433565230670113,15.433565230670114,1000.0,كسر-سفلي,0,True,True,,False,3.7001096999999996,3.699,0.0003,3.767,1,baseline,0,"""{\""system\"": \""Donchian-96/48\"", \""channel_tf\"": \""15m\"", \""capital\"": 1000.0}"""
دوناتشيان,donchian,donchian,FILUSDT,عرضي,Donchian-96/48,1,86409,86885,2023-10-31T00:09:00+00:00,2023-10-31T08:05:00+00:00,476,-0.02885819920285991,-28.85819920285991,1000.0,كسر-سفلي,0,False,True,,False,3.8813273999999995,3.879,0.0006,3.778,1,baseline,0,"""{\""system\"": \""Donchian-96/48\"", \""channel_tf\"": \""15m\"", \""capital\"": 1000.0}"""
دوناتشيان,donchian,donchian,FILUSDT,عرضي,Donchian-96/48,1,88947,90146,2023-11-01T18:27:00+00:00,2023-11-02T14:26:00+00:00,1199,0.0007691826977820092,0.7691826977820092,1000.0,كسر-سفلي,0,True,True,,False,3.8531555999999996,3.852,0.0003,3.865,1,baseline,0,"""{\""system\"": \""Donchian-96/48\"", \""channel_tf\"": \""15m\"", \""capital\"": 1000.0}"""
دوناتشيان,donchian,donchian,FILUSDT,عرضي,Donchian-96/48,1,90448,91728,2023-11-02T19:28:00+00:00,2023-11-03T16:48:00+00:00,1280,-0.03528154361737119,-35.281543617371184,1000.0,كسر-سفلي,0,False,True,,False,4.0216161999999995,4.018,0.0009,3.891,1,baseline,0,"""{\""system\"": \""Donchian-96/48\"", \""channel_tf\"": \""15m\"", \""capital\"": 1000.0}"""
دوناتشيان,donchian,donchian,FILUSDT,عرضي,Donchian-96/48,1,93534,96658,2023-11-04T22:54:00+00:00,2023-11-07T02:58:00+00:00,3124,0.0629261670033363,62.926167003336296,1000.0,كسر-سفلي,0,True,True,,False,3.9985954999999995,3.995,0.0009,4.26,1,baseline,0,"""{\""system\"": \""Donchian-96/48\"", \""channel_tf\"": \""15m\"", \""capital\"": 1000.0}"""
دوناتشيان,donchian,donchian,FILUSDT,عرضي,Donchian-96/48,1,98521,100330,2023-11-08T10:01:00+00:00,2023-11-09T16:10:00+00:00,1809,0.04352180928743957,43.52180928743957,1000.0,كسر-سفلي,0,True,True,,False,4.311292999999999,4.31,0.0003,4.512,1,baseline,0,"""{\""system\"": \""Donchian-96/48\"", \""channel_tf\"": \""15m\"", \""capital\"": 1000.0}"""
دوناتشيان,donchian,donchian,FILUSDT,عرضي,Donchian-96/48,1,102308,103726,2023-11-11T01:08:00+00:00,2023-11-12T00:46:00+00:00,1418,-0.013837111778346935,-13.837111778346936,1000.0,كسر-سفلي,0,False,True,,False,4.627775,4.625,0.0006,4.577,1,baseline,0,"""{\""system\"": \""Donchian-96/48\"", \""channel_tf\"": \""15m\"", \""capital\"": 1000.0}"""
دوناتشيان,donchian,donchian,FILUSDT,عرضي,Donchian-96/48,1,104872,106004,2023-11-12T19:52:00+00:00,2023-11-13T14:44:00+00:00,1132,0.07902287550557227,79.02287550557227,1000.0,كسر-سفلي,0,True,True,,False,4.899469399999999,4.898,0.0003,5.302,1,baseline,0,"""{\""system\"": \""Donchian-96/48\"", \""channel_tf\"": \""15m\"", \""capital\"": 1000.0}"""
دوناتشيان,donchian,donchian,FILUSDT,عرضي,Donchian-96/48,1,108675,109947,2023-11-15T11:15:00+00:00,2023-11-16T08:27:00+00:00,1272,0.01464593912689552,14.64593912689552,1000.0,كسر-سفلي,0,True,True,,False,5.085525199999999,5.084,0.0003,5.175,1,baseline,0,"""{\""system\"": \""Donchian-96/48\"", \""channel_tf\"": \""15m\"", \""capital\"": 1000.0}"""
دوناتشيان,donchian,donchian,FILUSDT,عرضي,Donchian-96/48,1,114126,115549,2023-11-19T06:06:00+00:00,2023-11-20T05:49:00+00:00,1423,0.0013017967473733223,1.3017967473733223,1000.0,كسر-سفلي,0,True,True,,False,4.751425,4.75,0.0003,4.77,1,baseline,0,"""{\""system\"": \""Donchian-96/48\"", \""channel_tf\"": \""15m\"", \""capital\"": 1000.0}"""
دوناتشيان,donchian,donchian,FILUSDT,عرضي,Donchian-96/48,1,119317,120352,2023-11-22T20:37:00+00:00,2023-11-23T13:52:00+00:00,1035,-0.006167046090639388,-6.1670460906393885,1000.0,كسر-سفلي,0,False,True,,False,4.471341,4.47,0.0003,4.454,1,baseline,0,"""{\""system\"": \""Donchian-96/48\"", \""channel_tf\"": \""15m\"", \""capital\"": 1000.0}"""
دوناتشيان,donchian,donchian,FILUSDT,عرضي,Donchian-96/48,1,121028,124384,2023-11-24T01:08:00+00:00,2023-11-26T09:04:00+00:00,3356,0.026347182737393476,26.347182737393478,1000.0,كسر-سفلي,0,True,True,,False,4.5717414,4.569,0.0006,4.703,1,baseline,0,"""{\""system\"": \""Donchian-96/48\"", \""channel_tf\"": \""15m\"", \""capital\"": 1000.0}"""
دوناتشيان,donchian,donchian,FILUSDT,عرضي,Donchian-96/48,1,128573,128967,2023-11-29T06:53:00+00:00,2023-11-29T13:27:00+00:00,394,-0.028831925998669246,-28.831925998669245,1000.0,كسر-سفلي,0,False,True,,False,4.5921292,4.588,0.0009,4.47,1,baseline,0,"""{\""system\"": \""Donchian-96/48\"", \""channel_tf\"": \""15m\"", \""capital\"": 1000.0}"""
دوناتشيان,donchian,donchian,FILUSDT,عرضي,Donchian-96/48,1,131469,134332,2023-12-01T07:09:00+00:00,2023-12-03T06:52:00+00:00,2863,0.029355378740357013,29.355378740357015,1000.0,كسر-سفلي,0,True,True,,False,4.4546712,4.452,0.0006,4.596,1,baseline,0,"""{\""system\"": \""Donchian-96/48\"", \""channel_tf\"": \""15m\"", \""capital\"": 1000.0}"""
دوناتشيان,donchian,donchian,FILUSDT,عرضي,Donchian-96/48,1,135516,136033,2023-12-04T02:36:00+00:00,2023-12-04T11:13:00+00:00,517,-0.04211551798990946,-42.115517989909456,1000.0,كسر-سفلي,0,False,True,,False,4.6884061,4.687,0.0003,4.504,1,baseline,0,"""{\""system\"": \""Donchian-96/48\"", \""channel_tf\"": \""15m\"", \""capital\"": 1000.0}"""
دوناتشيان,donchian,donchian,FILUSDT,عرضي,Donchian-96/48,1,138206,138573,2023-12-05T23:26:00+00:00,2023-12-06T05:33:00+00:00,367,-0.03136494047081299,-31.364940470812986,1000.0,كسر-سفلي,0,False,True,,False,4.829896199999999,4.827,0.0006,4.692,1,baseline,0,"""{\""system\"": \""Donchian-96/48\"", \""channel_tf\"": \""15m\"", \""capital\"": 1000.0}"""
دوناتشيان,donchian,donchian,FILUSDT,عرضي,Donchian-96/48,1,139944,143777,2023-12-07T04:24:00+00:00,2023-12-09T20:17:00+00:00,3833,0.06816595701294119,68.16595701294119,1000.0,كسر-سفلي,0,True,True,,False,4.8639166,4.861,0.0006,5.209,1,baseline,0,"""{\""system\"": \""Donchian-96/48\"", \""channel_tf\"": \""15m\"", \""capital\"": 1000.0}"""
دوناتشيان,donchian,donchian,FILUSDT,عرضي,Donchian-96/48,1,147417,147798,2023-12-12T08:57:00+00:00,2023-12-12T15:18:00+00:00,381,-0.03038993135975075,-30.389931359750747,1000.0,كسر-سفلي,0,False,True,,False,4.769288499999999,4.765,0.0009,4.635,1,baseline,0,"""{\""system\"": \""Donchian-96/48\"", \""channel_tf\"": \""15m\"", \""capital\"": 1000.0}"""
دوناتشيان,donchian,donchian,FILUSDT,عرضي,Donchian-96/48,1,149497,150571,2023-12-13T19:37:00+00:00,2023-12-14T13:31:00+00:00,1074,-0.00954348986178037,-9.543489861780369,1000.0,كسر-سفلي,0,False,True,,False,4.682210199999999,4.678,0.0009,4.651,1,baseline,0,"""{\""system\"": \""Donchian-96/48\"", \""channel_tf\"": \""15m\"", \""capital\"": 1000.0}"""
دوناتشيان,donchian,donchian,FILUSDT,عرضي,Donchian-96/48,1,151093,151533,2023-12-14T22:13:00+00:00,2023-12-15T05:33:00+00:00,440,-0.02916309953449669,-29.16309953449669,1000.0,كسر-سفلي,0,False,True,,False,4.8604576999999995,4.859,0.0003,4.731,1,baseline,0,"""{\""system\"": \""Donchian-96/48\"", \""channel_tf\"": \""15m\"", \""capital\"": 1000.0}"""
دوناتشيان,donchian,donchian,FILUSDT,عرضي,Donchian-96/48,1,152096,155461,2023-12-15T14:56:00+00:00,2023-12-17T23:01:00+00:00,3365,0.10333962311536185,103.33962311536185,1000.0,كسر-سفلي,0,True,True,,False,4.9014073,4.897,0.0009,5.422,1,baseline,0,"""{\""system\"": \""Donchian-96/48\"", \""channel_tf\"": \""15m\"", \""capital\"": 1000.0}"""
دوناتشيان,donchian,donchian,FILUSDT,عرضي,Donchian-96/48,1,157070,157621,2023-12-19T01:50:00+00:00,2023-12-19T11:01:00+00:00,551,-0.03191603751319338,-31.916037513193377,1000.0,كسر-سفلي,0,False,True,,False,5.410622699999999,5.409,0.0003,5.25,1,baseline,0,"""{\""system\"": \""Donchian-96/48\"", \""channel_tf\"": \""15m\"", \""capital\"": 1000.0}"""
دوناتشيان,donchian,donchian,FILUSDT,عرضي,Donchian-96/48,1,159188,161834,2023-12-20T13:08:00+00:00,2023-12-22T09:14:00+00:00,2646,0.035706388853296814,35.706388853296815,1000.0,كسر-سفلي,0,True,True,,False,5.261577999999999,5.26,0.0003,5.462,1,baseline,0,"""{\""system\"": \""Donchian-96/48\"", \""channel_tf\"": \""15m\"", \""capital\"": 1000.0}"""
دوناتشيان,donchian,donchian,FILUSDT,عرضي,Donchian-96/48,1,164064,165496,2023-12-23T22:24:00+00:00,2023-12-24T22:16:00+00:00,1432,-0.010436747102783738,-10.436747102783738,1000.0,كسر-سفلي,0,False,True,,False,5.5556662,5.554,0.0003,5.512,1,baseline,0,"""{\""system\"": \""Donchian-96/48\"", \""channel_tf\"": \""15m\"", \""capital\"": 1000.0}"""
دوناتشيان,donchian,donchian,FILUSDT,عرضي,Donchian-96/48,1,165667,167372,2023-12-25T01:07:00+00:00,2023-12-26T05:32:00+00:00,1705,-0.0292507367919622,-29.2507367919622,1000.0,كسر-سفلي,0,False,True,,False,5.7787331,5.777,0.0003,5.626,1,baseline,0,"""{\""system\"": \""Donchian-96/48\"", \""channel_tf\"": \""15m\"", \""capital\"": 1000.0}"""
دوناتشيان,donchian,donchian,FILUSDT,عرضي,Donchian-96/48,1,169370,170336,2023-12-27T14:50:00+00:00,2023-12-28T06:56:00+00:00,966,-0.0014839390928022258,-1.4839390928022258,1000.0,كسر-سفلي,0,False,True,,False,5.827494399999999,5.824,0.0006,5.834,1,baseline,0,"""{\""system\"": \""Donchian-96/48\"", \""channel_tf\"": \""15m\"", \""capital\"": 1000.0}"""
دوناتشيان,donchian,donchian,FILUSDT,عرضي,Donchian-96/48,1,170622,172312,2023-12-28T11:42:00+00:00,2023-12-29T15:52:00+00:00,1690,-0.030140561473399868,-30.140561473399867,1000.0,كسر-سفلي,0,False,True,,False,6.1076624,6.104,0.0006,5.939,1,baseline,0,"""{\""system\"": \""Donchian-96/48\"", \""channel_tf\"": \""15m\"", \""capital\"": 1000.0}"""
دوناتشيان,donchian,donchian,FILUSDT,عرضي,Donchian-96/48,1,174189,177998,2023-12-30T23:09:00+00:00,2024-01-02T14:38:00+00:00,3809,0.23834928280472106,238.34928280472107,1000.0,كسر-سفلي,0,True,True,,False,5.9905922,5.987,0.0006,7.44,1,baseline,0,"""{\""system\"": \""Donchian-96/48\"", \""channel_tf\"": \""15m\"", \""capital\"": 1000.0}"""
دوناتشيان,donchian,donchian,FILUSDT,عرضي,Donchian-96/48,1,180958,181548,2024-01-04T15:58:00+00:00,2024-01-05T01:48:00+00:00,590,-0.04811644304034415,-48.11644304034415,1000.0,كسر-سفلي,0,False,True,,False,6.640982199999999,6.637,0.0006,6.336,1,baseline,0,"""{\""system\"": \""Donchian-96/48\"", \""channel_tf\"": \""15m\"", \""capital\"": 1000.0}"""
دوناتشيان,donchian,donchian,FILUSDT,عرضي,Donchian-96/48,1,185215,185327,2024-01-07T14:55:00+00:00,2024-01-07T16:47:00+00:00,112,-0.04554338838002637,-45.54338838002637,1000.0,كسر-سفلي,0,False,True,,False,6.109832399999999,6.108,0.0003,5.845,1,baseline,0,"""{\""system\"": \""Donchian-96/48\"", \""channel_tf\"": \""15m\"", \""capital\"": 1000.0}"""
دوناتشيان,donchian,donchian,FILUSDT,عرضي,Donchian-96/48,1,187099,187734,2024-01-08T22:19:00+00:00,2024-01-09T08:54:00+00:00,635,-0.025787036377177667,-25.787036377177667,1000.0,كسر-سفلي,0,False,True,,False,5.8387511,5.837,0.0003,5.703,1,baseline,0,"""{\""system\"": \""Donchian-96/48\"", \""channel_tf\"": \""15m\"", \""capital\"": 1000.0}"""
دوناتشيان,donchian,donchian,FILUSDT,عرضي,Donchian-96/48,1,189906,192441,2024-01-10T21:06:00+00:00,2024-01-12T15:21:00+00:00,2535,0.07963756591481394,79.63756591481393,1000.0,كسر-سفلي,0,True,True,,False,5.683407999999999,5.68,0.0006,6.152,1,baseline,0,"""{\""system\"": \""Donchian-96/48\"", \""channel_tf\"": \""15m\"", \""capital\"": 1000.0}"""
دوناتشيان,donchian,donchian,FILUSDT,عرضي,Donchian-96/48,1,194930,195556,2024-01-14T08:50:00+00:00,2024-01-14T19:16:00+00:00,626,-0.02970604811555758,-29.70604811555758,1000.0,كسر-سفلي,0,False,True,,False,6.1626954,6.159,0.0006,5.997,1,baseline,0,"""{\""system\"": \""Donchian-96/48\"", \""channel_tf\"": \""15m\"", \""capital\"": 1000.0}"""
دوناتشيان,donchian,donchian,FILUSDT,عرضي,Donchian-96/48,1,196961,197968,2024-01-15T18:41:00+00:00,2024-01-16T11:28:00+00:00,1007,-0.04587032371385024,-45.87032371385024,1000.0,كسر-سفلي,0,False,True,,False,6.1328393,6.131,0.0003,5.865,1,baseline,0,"""{\""system\"": \""Donchian-96/48\"", \""channel_tf\"": \""15m\"", \""capital\"": 1000.0}"""
دوناتشيان,donchian,donchian,FILUSDT,عرضي,Donchian-96/48,1,200582,201162,2024-01-18T07:02:00+00:00,2024-01-18T16:42:00+00:00,580,-0.02265097020999977,-22.65097020999977,1000.0,كسر-سفلي,0,False,True,,False,5.8427523,5.841,0.0003,5.727,1,baseline,0,"""{\""system\"": \""Donchian-96/48\"", \""channel_tf\"": \""15m\"", \""capital\"": 1000.0}"""
دوناتشيان,donchian,donchian,FILUSDT,عرضي,Donchian-96/48,1,204275,205419,2024-01-20T20:35:00+00:00,2024-01-21T15:39:00+00:00,1144,-0.010851665553894859,-10.85166555389486,1000.0,كسر-سفلي,0,False,True,,False,5.5166545,5.515,0.0003,5.471,1,baseline,0,"""{\""system\"": \""Donchian-96/48\"", \""channel_tf\"": \""15m\"", \""capital\"": 1000.0}"""
دوناتشيان,donchian,donchian,FILUSDT,عرضي,Donchian-96/48,1,209429,210995,2024-01-24T10:29:00+00:00,2024-01-25T12:35:00+00:00,1566,-0.010093147848164955,-10.093147848164955,1000.0,كسر-سفلي,0,False,True,,False,4.9244769,4.923,0.0003,4.886,1,baseline,0,"""{\""system\"": \""Donchian-96/48\"", \""channel_tf\"": \""15m\"", \""capital\"": 1000.0}"""
دوناتشيان,donchian,donchian,FILUSDT,عرضي,Donchian-96/48,1,211823,213561,2024-01-26T02:23:00+00:00,2024-01-27T07:21:00+00:00,1738,0.02275739838674341,22.75739838674341,1000.0,كسر-سفلي,0,True,True,,False,4.997498800000001,4.996,0.0003,5.123,1,baseline,0,"""{\""system\"": \""Donchian-96/48\"", \""channel_tf\"": \""15m\"", \""capital\"": 1000.0}"""
دوناتشيان,donchian,donchian,FILUSDT,عرضي,Donchian-96/48,1,213714,215032,2024-01-27T09:54:00+00:00,2024-01-28T07:52:00+00:00,1318,0.008968286692882141,8.968286692882142,1000.0,كسر-سفلي,0,True,True,,False,5.2497205,5.245,0.0009,5.309,1,baseline,0,"""{\""system\"": \""Donchian-96/48\"", \""channel_tf\"": \""15m\"", \""capital\"": 1000.0}"""
دوناتشيان,donchian,donchian,FILUSDT,عرضي,Donchian-96/48,1,216986,217774,2024-01-29T16:26:00+00:00,2024-01-30T05:34:00+00:00,788,-0.008165672719601618,-8.165672719601618,1000.0,كسر-سفلي,0,False,True,,False,5.3011788,5.298,0.0006,5.27,1,baseline,0,"""{\""system\"": \""Donchian-96/48\"", \""channel_tf\"": \""15m\"", \""capital\"": 1000.0}"""
دوناتشيان,donchian,donchian,FILUSDT,عرضي,Donchian-96/48,1,221827,222573,2024-02-02T01:07:00+00:00,2024-02-02T13:33:00+00:00,746,-0.00837745158179524,-8.37745158179524,1000.0,كسر-سفلي,0,False,True,,False,5.0035006,5.002,0.0003,4.976,1,baseline,0,"""{\""system\"": \""Donchian-96/48\"", \""channel_tf\"": \""15m\"", \""capital\"": 1000.0}"""
دوناتشيان,donchian,donchian,FILUSDT,عرضي,Donchian-96/48,1,222715,224102,2024-02-02T15:55:00+00:00,2024-02-03T15:02:00+00:00,1387,0.010979879363160252,10.97987936316025,1000.0,كسر-سفلي,0,True,True,,False,5.070520699999999,5.069,0.0003,5.138,1,baseline,0,"""{\""system\"": \""Donchian-96/48\"", \""channel_tf\"": \""15m\"", \""capital\"": 1000.0}"""
دوناتشيان,donchian,donchian,FILUSDT,عرضي,Donchian-96/48,1,226898,227433,2024-02-05T13:38:00+00:00,2024-02-05T22:33:00+00:00,535,-0.025431622931013635,-25.431622931013635,1000.0,كسر-سفلي,0,False,True,,False,5.047026399999999,5.044,0.0006,4.93,1,baseline,0,"""{\""system\"": \""Donchian-96/48\"", \""channel_tf\"": \""15m\"", \""capital\"": 1000.0}"""
دوناتشيان,donchian,donchian,FILUSDT,عرضي,Donchian-96/48,1,228642,233897,2024-02-06T18:42:00+00:00,2024-02-10T10:17:00+00:00,5255,0.05979323209790724,59.79323209790724,1000.0,كسر-سفلي,0,True,True,,False,5.0435126,5.042,0.0003,5.359,1,baseline,0,"""{\""system\"": \""Donchian-96/48\"", \""channel_tf\"": \""15m\"", \""capital\"": 1000.0}"""
دوناتشيان,donchian,donchian,FILUSDT,عرضي,Donchian-96/48,1,237114,242794,2024-02-12T15:54:00+00:00,2024-02-16T14:34:00+00:00,5680,0.0739227860532076,73.9227860532076,1000.0,كسر-سفلي,0,True,True,,False,5.393234,5.39,0.0006,5.807,1,baseline,0,"""{\""system\"": \""Donchian-96/48\"", \""channel_tf\"": \""15m\"", \""capital\"": 1000.0}"""
دوناتشيان,donchian,donchian,FILUSDT,عرضي,Donchian-96/48,1,243794,245572,2024-02-17T07:14:00+00:00,2024-02-18T12:52:00+00:00,1778,0.015524253937665907,15.524253937665907,1000.0,كسر-سفلي,0,True,True,,False,5.9873838,5.982,0.0009,6.098,1,baseline,0,"""{\""system\"": \""Donchian-96/48\"", \""channel_tf\"": \""15m\"", \""capital\"": 1000.0}"""
دوناتشيان,donchian,donchian,FILUSDT,عرضي,Donchian-96/48,1,246455,249531,2024-02-19T03:35:00+00:00,2024-02-21T06:51:00+00:00,3076,0.11622301982437991,116.2230198243799,1000.0,كسر-سفلي,0,True,True,,False,6.4389311000000005,6.437,0.0003,7.206,1,baseline,0,"""{\""system\"": \""Donchian-96/48\"", \""channel_tf\"": \""15m\"", \""capital\"": 1000.0}"""
دوناتشيان,donchian,donchian,FILUSDT,عرضي,Donchian-96/48,1,251024,252746,2024-02-22T07:44:00+00:00,2024-02-23T12:26:00+00:00,1722,0.05132541987883933,51.325419878839334,1000.0,كسر-سفلي,0,True,True,,False,7.5602674,7.558,0.0003,7.969,1,baseline,0,"""{\""system\"": \""Donchian-96/48\"", \""channel_tf\"": \""15m\"", \""capital\"": 1000.0}"""
دوناتشيان,donchian,donchian,FILUSDT,عرضي,Donchian-96/48,1,252858,253529,2024-02-23T14:18:00+00:00,2024-02-24T01:29:00+00:00,671,-0.09405382040985598,-94.05382040985597,1000.0,كسر-سفلي,0,False,True,,False,8.5356752,8.528,0.0009,7.753,1,baseline,0,"""{\""system\"": \""Donchian-96/48\"", \""channel_tf\"": \""15m\"", \""capital\"": 1000.0}"""
دوناتشيان,donchian,donchian,FILUSDT,عرضي,Donchian-96/48,1,254957,256180,2024-02-25T01:17:00+00:00,2024-02-25T21:40:00+00:00,1223,-0.019159838125871822,-19.159838125871822,1000.0,كسر-سفلي,0,False,True,,False,8.2469452,8.242,0.0006,8.11,1,baseline,0,"""{\""system\"": \""Donchian-96/48\"", \""channel_tf\"": \""15m\"", \""capital\"": 1000.0}"""
دوناتشيان,donchian,donchian,FILUSDT,عرضي,Donchian-96/48,1,257870,258542,2024-02-27T01:50:00+00:00,2024-02-27T13:02:00+00:00,672,-0.02710875482122525,-27.10875482122525,1000.0,كسر-سفلي,0,False,True,,False,8.2144636,8.212,0.0003,8.015,1,baseline,0,"""{\""system\"": \""Donchian-96/48\"", \""channel_tf\"": \""15m\"", \""capital\"": 1000.0}"""
دوناتشيان,donchian,donchian,FILUSDT,عرضي,Donchian-96/48,1,260081,260252,2024-02-28T14:41:00+00:00,2024-02-28T17:32:00+00:00,171,-0.11585982934961746,-115.85982934961746,1000.0,كسر-سفلي,0,False,True,,False,8.1638954,8.159,0.0006,7.239,1,baseline,0,"""{\""system\"": \""Donchian-96/48\"", \""channel_tf\"": \""15m\"", \""capital\"": 1000.0}"""
دوناتشيان,donchian,donchian,FILUSDT,عرضي,Donchian-96/48,1,261155,261997,2024-02-29T08:35:00+00:00,2024-02-29T22:37:00+00:00,842,-0.02857644015601819,-28.57644015601819,1000.0,كسر-سفلي,0,False,True,,False,8.215387199999999,8.208,0.0009,7.999,1,baseline,0,"""{\""system\"": \""Donchian-96/48\"", \""channel_tf\"": \""15m\"", \""capital\"": 1000.0}"""
دوناتشيان,donchian,donchian,FILUSDT,عرضي,Donchian-96/48,1,263663,265396,2024-03-02T02:23:00+00:00,2024-03-03T07:16:00+00:00,1733,0.06045391404234786,60.45391404234786,1000.0,كسر-سفلي,0,True,True,,False,8.4815437,8.479,0.0003,9.015,1,baseline,0,"""{\""system\"": \""Donchian-96/48\"", \""channel_tf\"": \""15m\"", \""capital\"": 1000.0}"""
دوناتشيان,donchian,donchian,FILUSDT,عرضي,Donchian-96/48,1,265488,266616,2024-03-03T08:48:00+00:00,2024-03-04T03:36:00+00:00,1128,0.05433709929747444,54.33709929747444,1000.0,كسر-سفلي,0,True,True,,False,9.5877492,9.582,0.0006,10.132,1,baseline,0,"""{\""system\"": \""Donchian-96/48\"", \""channel_tf\"": \""15m\"", \""capital\"": 1000.0}"""
دوناتشيان,donchian,donchian,FILUSDT,عرضي,Donchian-96/48,1,268111,268706,2024-03-05T04:31:00+00:00,2024-03-05T14:26:00+00:00,595,-0.050687441468688706,-50.687441468688704,1000.0,كسر-سفلي,0,False,True,,False,10.461406799999999,10.452,0.0009,9.96,1,baseline,0,"""{\""system\"": \""Donchian-96/48\"", \""channel_tf\"": \""15m\"", \""capital\"": 1000.0}"""
دوناتشيان,donchian,donchian,FILUSDT,عرضي,Donchian-96/48,1,270328,271059,2024-03-06T17:28:00+00:00,2024-03-07T05:39:00+00:00,731,-0.011200244376100087,-11.200244376100086,1000.0,كسر-سفلي,0,False,True,,False,9.836845199999999,9.828,0.0009,9.752,1,baseline,0,"""{\""system\"": \""Donchian-96/48\"", \""channel_tf\"": \""15m\"", \""capital\"": 1000.0}"""
دوناتشيان,donchian,donchian,FILUSDT,عرضي,Donchian-96/48,1,271869,273093,2024-03-07T19:09:00+00:00,2024-03-08T15:33:00+00:00,1224,-0.05291956951156554,-52.91956951156554,1000.0,كسر-سفلي,0,False,True,,False,10.247073199999999,10.244,0.0003,9.733,1,baseline,0,"""{\""system\"": \""Donchian-96/48\"", \""channel_tf\"": \""15m\"", \""capital\"": 1000.0}"""
دوناتشيان,donchian,donchian,FILUSDT,صاعد,Donchian-96/48,1,273649,274491,2024-03-09T00:49:00+00:00,2024-03-09T14:51:00+00:00,842,-0.06117844425188515,-61.17844425188515,1000.0,كسر-سفلي,0,False,True,,False,11.8365499,11.833,0.0003,11.138,1,baseline,0,"""{\""system\"": \""Donchian-96/48\"", \""channel_tf\"": \""15m\"", \""capital\"": 1000.0}"""
دوناتشيان,donchian,donchian,FILUSDT,عرضي,Donchian-96/48,1,277137,278124,2024-03-11T10:57:00+00:00,2024-03-12T03:24:00+00:00,987,-0.027790660448514016,-27.790660448514014,1000.0,كسر-سفلي,0,False,True,,False,11.1783525,11.175,0.0003,10.896,1,baseline,0,"""{\""system\"": \""Donchian-96/48\"", \""channel_tf\"": \""15m\"", \""capital\"": 1000.0}"""
دوناتشيان,donchian,donchian,FILUSDT,عرضي,Donchian-96/48,1,279800,280177,2024-03-13T07:20:00+00:00,2024-03-13T13:37:00+00:00,377,-0.041322111576715385,-41.322111576715386,1000.0,كسر-سفلي,0,False,True,,False,11.044622799999999,11.038,0.0006,10.619,1,baseline,0,"""{\""system\"": \""Donchian-96/48\"", \""channel_tf\"": \""15m\"", \""capital\"": 1000.0}"""
دوناتشيان,donchian,donchian,FILUSDT,عرضي,Donchian-96/48,1,284194,284367,2024-03-16T08:34:00+00:00,2024-03-16T11:27:00+00:00,173,-0.037313768982381854,-37.31376898238185,1000.0,كسر-سفلي,0,False,True,,False,9.85591,9.85,0.0006,9.51,1,baseline,0,"""{\""system\"": \""Donchian-96/48\"", \""channel_tf\"": \""15m\"", \""capital\"": 1000.0}"""
دوناتشيان,donchian,donchian,FILUSDT,عرضي,Donchian-96/48,1,286477,287366,2024-03-17T22:37:00+00:00,2024-03-18T13:26:00+00:00,889,-0.03838483980570381,-38.38483980570381,1000.0,كسر-سفلي,0,False,True,,False,9.30279,9.3,0.0003,8.969,1,baseline,0,"""{\""system\"": \""Donchian-96/48\"", \""channel_tf\"": \""15m\"", \""capital\"": 1000.0}"""
دوناتشيان,donchian,donchian,FILUSDT,عرضي,Donchian-96/48,1,290629,293044,2024-03-20T19:49:00+00:00,2024-03-22T12:04:00+00:00,2415,0.02899238243678928,28.992382436789278,1000.0,كسر-سفلي,0,True,True,,False,8.5275575,8.525,0.0003,8.795,1,baseline,0,"""{\""system\"": \""Donchian-96/48\"", \""channel_tf\"": \""15m\"", \""capital\"": 1000.0}"""
دوناتشيان,donchian,donchian,FILUSDT,عرضي,Donchian-96/48,1,294656,295106,2024-03-23T14:56:00+00:00,2024-03-23T22:26:00+00:00,450,-0.029096357499979467,-29.09635749997947,1000.0,كسر-سفلي,0,False,True,,False,8.9606874,8.958,0.0003,8.72,1,baseline,0,"""{\""system\"": \""Donchian-96/48\"", \""channel_tf\"": \""15m\"", \""capital\"": 1000.0}"""
دوناتشيان,donchian,donchian,FILUSDT,عرضي,Donchian-96/48,1,296424,298924,2024-03-24T20:24:00+00:00,2024-03-26T14:04:00+00:00,2500,0.0600086376468706,60.0086376468706,1000.0,كسر-سفلي,0,True,True,,False,8.818644800000001,8.816,0.0003,9.375,1,baseline,0,"""{\""system\"": \""Donchian-96/48\"", \""channel_tf\"": \""15m\"", \""capital\"": 1000.0}"""
دوناتشيان,donchian,donchian,FILUSDT,عرضي,Donchian-96/48,1,301916,304653,2024-03-28T15:56:00+00:00,2024-03-30T13:33:00+00:00,2737,0.034113150267287964,34.11315026728796,1000.0,كسر-سفلي,0,True,True,,False,9.2437723,9.241,0.0003,9.584,1,baseline,0,"""{\""system\"": \""Donchian-96/48\"", \""channel_tf\"": \""15m\"", \""capital\"": 1000.0}"""
دوناتشيان,donchian,donchian,FILUSDT,عرضي,Donchian-96/48,1,306120,307069,2024-03-31T14:00:00+00:00,2024-04-01T05:49:00+00:00,949,-0.006482254687145795,-6.482254687145795,1000.0,كسر-سفلي,0,False,True,,False,9.679804399999998,9.674,0.0006,9.645,1,baseline,0,"""{\""system\"": \""Donchian-96/48\"", \""channel_tf\"": \""15m\"", \""capital\"": 1000.0}"""
دوناتشيان,donchian,donchian,FILUSDT,عرضي,Donchian-96/48,1,314123,316555,2024-04-06T03:23:00+00:00,2024-04-07T19:55:00+00:00,2432,0.013166295623235092,13.166295623235092,1000.0,كسر-سفلي,0,True,True,,False,8.544562599999999,8.542,0.0003,8.677,1,baseline,0,"""{\""system\"": \""Donchian-96/48\"", \""channel_tf\"": \""15m\"", \""capital\"": 1000.0}"""
دوناتشيان,donchian,donchian,FILUSDT,عرضي,Donchian-96/48,1,317258,318467,2024-04-08T07:38:00+00:00,2024-04-09T03:47:00+00:00,1209,0.02043464069208183,20.434640692081828,1000.0,كسر-سفلي,0,True,True,,False,8.909010899999998,8.901,0.0009,9.112,1,baseline,0,"""{\""system\"": \""Donchian-96/48\"", \""channel_tf\"": \""15m\"", \""capital\"": 1000.0}"""
دوناتشيان,donchian,donchian,FILUSDT,عرضي,Donchian-96/48,1,326817,327926,2024-04-14T22:57:00+00:00,2024-04-15T17:26:00+00:00,1109,-0.03984971757916903,-39.84971757916903,1000.0,كسر-سفلي,0,False,True,,False,6.1598474,6.158,0.0003,5.928,1,baseline,0,"""{\""system\"": \""Donchian-96/48\"", \""channel_tf\"": \""15m\"", \""capital\"": 1000.0}"""
دوناتشيان,donchian,donchian,FILUSDT,عرضي,Donchian-96/48,1,329601,330401,2024-04-16T21:21:00+00:00,2024-04-17T10:41:00+00:00,800,-0.027151405662372147,-27.151405662372145,1000.0,كسر-سفلي,0,False,True,,False,6.094827899999999,6.093,0.0003,5.943,1,baseline,0,"""{\""system\"": \""Donchian-96/48\"", \""channel_tf\"": \""15m\"", \""capital\"": 1000.0}"""
دوناتشيان,donchian,donchian,FILUSDT,عرضي,Donchian-96/48,1,332068,332725,2024-04-18T14:28:00+00:00,2024-04-19T01:25:00+00:00,657,-0.03778299355647078,-37.78299355647078,1000.0,كسر-سفلي,0,False,True,,False,6.0196096,6.016,0.0006,5.809,1,baseline,0,"""{\""system\"": \""Donchian-96/48\"", \""channel_tf\"": \""15m\"", \""capital\"": 1000.0}"""
دوناتشيان,donchian,donchian,FILUSDT,عرضي,Donchian-96/48,1,333050,336305,2024-04-19T06:50:00+00:00,2024-04-21T13:05:00+00:00,3255,0.0716951376124183,71.6951376124183,1000.0,كسر-سفلي,0,True,True,,False,6.075463,6.07,0.0009,6.528,1,baseline,0,"""{\""system\"": \""Donchian-96/48\"", \""channel_tf\"": \""15m\"", \""capital\"": 1000.0}"""
دوناتشيان,donchian,donchian,FILUSDT,عرضي,Donchian-96/48,1,337329,337880,2024-04-22T06:09:00+00:00,2024-04-22T15:20:00+00:00,551,-0.04220831019590439,-42.20831019590439,1000.0,كسر-سفلي,0,False,True,,False,6.700017599999999,6.696,0.0006,6.432,1,baseline,0,"""{\""system\"": \""Donchian-96/48\"", \""channel_tf\"": \""15m\"", \""capital\"": 1000.0}"""
دوناتشيان,donchian,donchian,FILUSDT,عرضي,Donchian-96/48,1,345704,346988,2024-04-28T01:44:00+00:00,2024-04-28T23:08:00+00:00,1284,-0.016340444608008278,-16.34044460800828,1000.0,كسر-سفلي,0,False,True,,False,5.992797299999999,5.991,0.0003,5.912,1,baseline,0,"""{\""system\"": \""Donchian-96/48\"", \""channel_tf\"": \""15m\"", \""capital\"": 1000.0}"""
دوناتشيان,donchian,donchian,FILUSDT,عرضي,Donchian-96/48,1,348536,349006,2024-04-30T00:56:00+00:00,2024-04-30T08:46:00+00:00,470,-0.045216899725212194,-45.216899725212194,1000.0,كسر-سفلي,0,False,True,,False,5.998596999999999,5.995,0.0006,5.744,1,baseline,0,"""{\""system\"": \""Donchian-96/48\"", \""channel_tf\"": \""15m\"", \""capital\"": 1000.0}"""
دوناتشيان,donchian,donchian,FILUSDT,عرضي,Donchian-96/48,1,351042,353259,2024-05-01T18:42:00+00:00,2024-05-03T07:39:00+00:00,2217,0.026173102695366664,26.173102695366662,1000.0,كسر-سفلي,0,True,True,,False,5.6974164,5.694,0.0006,5.86,1,baseline,0,"""{\""system\"": \""Donchian-96/48\"", \""channel_tf\"": \""15m\"", \""capital\"": 1000.0}"""
دوناتشيان,donchian,donchian,FILUSDT,عرضي,Donchian-96/48,1,353567,354366,2024-05-03T12:47:00+00:00,2024-05-04T02:06:00+00:00,799,-0.00942780171520618,-9.427801715206181,1000.0,كسر-سفلي,0,False,True,,False,6.0514414,6.046,0.0009,6.01,1,baseline,0,"""{\""system\"": \""Donchian-96/48\"", \""channel_tf\"": \""15m\"", \""capital\"": 1000.0}"""
دوناتشيان,donchian,donchian,FILUSDT,عرضي,Donchian-96/48,1,354889,355539,2024-05-04T10:49:00+00:00,2024-05-04T21:39:00+00:00,650,-0.019519934906612923,-19.519934906612924,1000.0,كسر-سفلي,0,False,True,,False,6.161540399999999,6.156,0.0009,6.057,1,baseline,0,"""{\""system\"": \""Donchian-96/48\"", \""channel_tf\"": \""15m\"", \""capital\"": 1000.0}"""
دوناتشيان,donchian,donchian,FILUSDT,عرضي,Donchian-96/48,1,356644,357891,2024-05-05T16:04:00+00:00,2024-05-06T12:51:00+00:00,1247,-0.011443547793868856,-11.443547793868856,1000.0,كسر-سفلي,0,False,True,,False,6.165849199999999,6.164,0.0003,6.113,1,baseline,0,"""{\""system\"": \""Donchian-96/48\"", \""channel_tf\"": \""15m\"", \""capital\"": 1000.0}"""
دوناتشيان,donchian,donchian,FILUSDT,عرضي,Donchian-96/48,1,362193,363678,2024-05-09T12:33:00+00:00,2024-05-10T13:18:00+00:00,1485,0.005963007064016089,5.963007064016089,1000.0,كسر-سفلي,0,True,True,,False,5.827747799999999,5.826,0.0003,5.876,1,baseline,0,"""{\""system\"": \""Donchian-96/48\"", \""channel_tf\"": \""15m\"", \""capital\"": 1000.0}"""
دوناتشيان,donchian,donchian,FILUSDT,عرضي,Donchian-96/48,1,366691,367045,2024-05-12T15:31:00+00:00,2024-05-12T21:25:00+00:00,354,-0.021020594956289666,-21.020594956289667,1000.0,كسر-سفلي,0,False,True,,False,5.6894116,5.686,0.0006,5.586,1,baseline,0,"""{\""system\"": \""Donchian-96/48\"", \""channel_tf\"": \""15m\"", \""capital\"": 1000.0}"""
دوناتشيان,donchian,donchian,FILUSDT,عرضي,Donchian-96/48,1,370832,372311,2024-05-15T12:32:00+00:00,2024-05-16T13:11:00+00:00,1479,0.03768304804356589,37.68304804356589,1000.0,كسر-سفلي,0,True,True,,False,5.5159598999999995,5.511,0.0009,5.737,1,baseline,0,"""{\""system\"": \""Donchian-96/48\"", \""channel_tf\"": \""15m\"", \""capital\"": 1000.0}"""
دوناتشيان,donchian,donchian,FILUSDT,عرضي,Donchian-96/48,1,373870,375171,2024-05-17T15:10:00+00:00,2024-05-18T12:51:00+00:00,1301,-0.010827463222528179,-10.827463222528179,1000.0,كسر-سفلي,0,False,True,,False,5.9107727,5.909,0.0003,5.862,1,baseline,0,"""{\""system\"": \""Donchian-96/48\"", \""channel_tf\"": \""15m\"", \""capital\"": 1000.0}"""
دوناتشيان,donchian,donchian,FILUSDT,عرضي,Donchian-96/48,1,378285,380445,2024-05-20T16:45:00+00:00,2024-05-22T04:45:00+00:00,2160,0.06750154067336513,67.50154067336513,1000.0,كسر-سفلي,0,True,True,,False,5.6921183,5.687,0.0009,6.094,1,baseline,0,"""{\""system\"": \""Donchian-96/48\"", \""channel_tf\"": \""15m\"", \""capital\"": 1000.0}"""
دوناتشيان,donchian,donchian,FILUSDT,عرضي,Donchian-96/48,1,385055,386488,2024-05-25T09:35:00+00:00,2024-05-26T09:28:00+00:00,1433,-0.0025580206296381817,-2.5580206296381816,1000.0,كسر-سفلي,0,False,True,,False,5.9045406,5.901,0.0006,5.903,1,baseline,0,"""{\""system\"": \""Donchian-96/48\"", \""channel_tf\"": \""15m\"", \""capital\"": 1000.0}"""
دوناتشيان,donchian,donchian,FILUSDT,عرضي,Donchian-96/48,1,388153,388923,2024-05-27T13:13:00+00:00,2024-05-28T02:03:00+00:00,770,-0.002862094504306724,-2.862094504306724,1000.0,كسر-سفلي,0,False,True,,False,5.9697904,5.968,0.0003,5.97,1,baseline,0,"""{\""system\"": \""Donchian-96/48\"", \""channel_tf\"": \""15m\"", \""capital\"": 1000.0}"""
دوناتشيان,donchian,donchian,FILUSDT,عرضي,Donchian-96/48,1,390494,390731,2024-05-29T04:14:00+00:00,2024-05-29T08:11:00+00:00,237,-0.021017031704051163,-21.017031704051163,1000.0,كسر-سفلي,0,False,True,,False,5.9867955,5.985,0.0003,5.878,1,baseline,0,"""{\""system\"": \""Donchian-96/48\"", \""channel_tf\"": \""15m\"", \""capital\"": 1000.0}"""
دوناتشيان,donchian,donchian,FILUSDT,عرضي,Donchian-96/48,1,392738,393156,2024-05-30T17:38:00+00:00,2024-05-31T00:36:00+00:00,418,-0.030445783286573568,-30.44578328657357,1000.0,كسر-سفلي,0,False,True,,False,5.9195496,5.916,0.0006,5.756,1,baseline,0,"""{\""system\"": \""Donchian-96/48\"", \""channel_tf\"": \""15m\"", \""capital\"": 1000.0}"""
دوناتشيان,donchian,donchian,FILUSDT,عرضي,Donchian-96/48,1,395387,396453,2024-06-01T13:47:00+00:00,2024-06-02T07:33:00+00:00,1066,-0.015000405618731413,-15.000405618731413,1000.0,كسر-سفلي,0,False,True,,False,5.806481799999999,5.803,0.0006,5.736,1,baseline,0,"""{\""system\"": \""Donchian-96/48\"", \""channel_tf\"": \""15m\"", \""capital\"": 1000.0}"""
دوناتشيان,donchian,donchian,FILUSDT,عرضي,Donchian-96/48,1,397831,398336,2024-06-03T06:31:00+00:00,2024-06-03T14:56:00+00:00,505,-0.023384576579377515,-23.384576579377516,1000.0,كسر-سفلي,0,False,True,,False,5.9267775,5.925,0.0003,5.805,1,baseline,0,"""{\""system\"": \""Donchian-96/48\"", \""channel_tf\"": \""15m\"", \""capital\"": 1000.0}"""
دوناتشيان,donchian,donchian,FILUSDT,عرضي,Donchian-96/48,1,399794,401991,2024-06-04T15:14:00+00:00,2024-06-06T03:51:00+00:00,2197,0.018238772846494077,18.238772846494076,1000.0,كسر-سفلي,0,True,True,,False,5.8897664,5.888,0.0003,6.011,1,baseline,0,"""{\""system\"": \""Donchian-96/48\"", \""channel_tf\"": \""15m\"", \""capital\"": 1000.0}"""
دوناتشيان,donchian,donchian,FILUSDT,عرضي,Donchian-96/48,1,403804,404285,2024-06-07T10:04:00+00:00,2024-06-07T18:05:00+00:00,481,-0.040557670677564446,-40.557670677564445,1000.0,كسر-سفلي,0,False,True,,False,6.129511599999999,6.124,0.0009,5.898,1,baseline,0,"""{\""system\"": \""Donchian-96/48\"", \""channel_tf\"": \""15m\"", \""capital\"": 1000.0}"""
دوناتشيان,donchian,donchian,FILUSDT,عرضي,Donchian-96/48,1,406781,407301,2024-06-09T11:41:00+00:00,2024-06-09T20:21:00+00:00,520,-0.029770008250946386,-29.770008250946386,1000.0,كسر-سفلي,0,False,True,,False,6.3447051,6.339,0.0009,6.17,1,baseline,0,"""{\""system\"": \""Donchian-96/48\"", \""channel_tf\"": \""15m\"", \""capital\"": 1000.0}"""
دوناتشيان,donchian,donchian,FILUSDT,عرضي,Donchian-96/48,1,411158,412039,2024-06-12T12:38:00+00:00,2024-06-13T03:19:00+00:00,881,-0.031594794942665344,-31.594794942665345,1000.0,كسر-سفلي,0,False,True,,False,5.595031,5.59,0.0009,5.434,1,baseline,0,"""{\""system\"": \""Donchian-96/48\"", \""channel_tf\"": \""15m\"", \""capital\"": 1000.0}"""
دوناتشيان,donchian,donchian,FILUSDT,عرضي,Donchian-96/48,1,417152,417678,2024-06-16T16:32:00+00:00,2024-06-17T01:18:00+00:00,526,-0.015245350061425076,-15.245350061425077,1000.0,كسر-سفلي,0,False,True,,False,5.2611548,5.258,0.0006,5.196,1,baseline,0,"""{\""system\"": \""Donchian-96/48\"", \""channel_tf\"": \""15m\"", \""capital\"": 1000.0}"""
دوناتشيان,donchian,donchian,FILUSDT,عرضي,Donchian-96/48,1,420908,421348,2024-06-19T07:08:00+00:00,2024-06-19T14:28:00+00:00,440,-0.02339564400722571,-23.39564400722571,1000.0,كسر-سفلي,0,False,True,,False,4.4763424999999994,4.475,0.0003,4.383,1,baseline,0,"""{\""system\"": \""Donchian-96/48\"", \""channel_tf\"": \""15m\"", \""capital\"": 1000.0}"""
دوناتشيان,donchian,donchian,FILUSDT,عرضي,Donchian-96/48,1,421522,422764,2024-06-19T17:22:00+00:00,2024-06-20T14:04:00+00:00,1242,-0.020531215996545393,-20.53121599654539,1000.0,كسر-سفلي,0,False,True,,False,4.487691,4.485,0.0006,4.407,1,baseline,0,"""{\""system\"": \""Donchian-96/48\"", \""channel_tf\"": \""15m\"", \""capital\"": 1000.0}"""
دوناتشيان,donchian,donchian,FILUSDT,عرضي,Donchian-96/48,1,426347,427043,2024-06-23T01:47:00+00:00,2024-06-23T13:23:00+00:00,696,-0.013136029472675278,-13.136029472675277,1000.0,كسر-سفلي,0,False,True,,False,4.449334400000001,4.448,0.0003,4.401,1,baseline,0,"""{\""system\"": \""Donchian-96/48\"", \""channel_tf\"": \""15m\"", \""capital\"": 1000.0}"""
دوناتشيان,donchian,donchian,FILUSDT,عرضي,Donchian-96/48,1,429247,430840,2024-06-25T02:07:00+00:00,2024-06-26T04:40:00+00:00,1593,-0.0032745068326783876,-3.2745068326783877,1000.0,كسر-سفلي,0,False,True,,False,4.4173248,4.416,0.0003,4.413,1,baseline,0,"""{\""system\"": \""Donchian-96/48\"", \""channel_tf\"": \""15m\"", \""capital\"": 1000.0}"""
دوناتشيان,donchian,donchian,FILUSDT,عرضي,Donchian-96/48,1,432785,434447,2024-06-27T13:05:00+00:00,2024-06-28T16:47:00+00:00,1662,-0.005282513920163784,-5.282513920163784,1000.0,كسر-سفلي,0,False,True,,False,4.462012199999999,4.458,0.0009,4.45,1,baseline,0,"""{\""system\"": \""Donchian-96/48\"", \""channel_tf\"": \""15m\"", \""capital\"": 1000.0}"""
دوناتشيان,donchian,donchian,FILUSDT,عرضي,Donchian-96/48,1,436781,438593,2024-06-30T07:41:00+00:00,2024-07-01T13:53:00+00:00,1812,-0.0035699728101651162,-3.5699728101651163,1000.0,كسر-سفلي,0,False,True,,False,4.4570077,4.453,0.0009,4.454,1,baseline,0,"""{\""system\"": \""Donchian-96/48\"", \""channel_tf\"": \""15m\"", \""capital\"": 1000.0}"""
دوناتشيان,donchian,donchian,FILUSDT,عرضي,Donchian-96/48,1,440415,440830,2024-07-02T20:15:00+00:00,2024-07-03T03:10:00+00:00,415,-0.022189171511500606,-22.189171511500607,1000.0,كسر-سفلي,0,False,True,,False,4.4303287000000005,4.429,0.0003,4.342,1,baseline,0,"""{\""system\"": \""Donchian-96/48\"", \""channel_tf\"": \""15m\"", \""capital\"": 1000.0}"""
دوناتشيان,donchian,donchian,FILUSDT,عرضي,Donchian-96/48,1,445617,446707,2024-07-06T10:57:00+00:00,2024-07-07T05:07:00+00:00,1090,0.04073264393938598,40.73264393938598,1000.0,كسر-سفلي,0,True,True,,False,3.6771028,3.676,0.0003,3.838,1,baseline,0,"""{\""system\"": \""Donchian-96/48\"", \""channel_tf\"": \""15m\"", \""capital\"": 1000.0}"""
دوناتشيان,donchian,donchian,FILUSDT,عرضي,Donchian-96/48,1,448370,450782,2024-07-08T08:50:00+00:00,2024-07-10T01:02:00+00:00,2412,-0.017356219917069246,-17.356219917069247,1000.0,كسر-سفلي,0,False,True,,False,3.8965036999999993,3.893,0.0009,3.84,1,baseline,0,"""{\""system\"": \""Donchian-96/48\"", \""channel_tf\"": \""15m\"", \""capital\"": 1000.0}"""
دوناتشيان,donchian,donchian,FILUSDT,عرضي,Donchian-96/48,1,450987,453679,2024-07-10T04:27:00+00:00,2024-07-12T01:19:00+00:00,2692,0.007555705102106821,7.5557051021068204,1000.0,كسر-سفلي,0,True,True,,False,3.9715711999999996,3.968,0.0009,4.012,1,baseline,0,"""{\""system\"": \""Donchian-96/48\"", \""channel_tf\"": \""15m\"", \""capital\"": 1000.0}"""
دوناتشيان,donchian,donchian,FILUSDT,عرضي,Donchian-96/48,1,455112,456957,2024-07-13T01:12:00+00:00,2024-07-14T07:57:00+00:00,1845,0.0207947833671723,20.7947833671723,1000.0,كسر-سفلي,0,True,True,,False,4.1372408,4.136,0.0003,4.233,1,baseline,0,"""{\""system\"": \""Donchian-96/48\"", \""channel_tf\"": \""15m\"", \""capital\"": 1000.0}"""
دوناتشيان,donchian,donchian,FILUSDT,عرضي,Donchian-96/48,1,457805,458571,2024-07-14T22:05:00+00:00,2024-07-15T10:51:00+00:00,766,-0.02886559710318277,-28.865597103182772,1000.0,كسر-سفلي,0,False,True,,False,4.3529141,4.349,0.0009,4.237,1,baseline,0,"""{\""system\"": \""Donchian-96/48\"", \""channel_tf\"": \""15m\"", \""capital\"": 1000.0}"""
دوناتشيان,donchian,donchian,FILUSDT,عرضي,Donchian-96/48,1,459179,459823,2024-07-15T20:59:00+00:00,2024-07-16T07:43:00+00:00,644,-0.01904139803825529,-19.041398038255288,1000.0,كسر-سفلي,0,False,True,,False,4.3683100999999995,4.367,0.0003,4.295,1,baseline,0,"""{\""system\"": \""Donchian-96/48\"", \""channel_tf\"": \""15m\"", \""capital\"": 1000.0}"""
دوناتشيان,donchian,donchian,FILUSDT,عرضي,Donchian-96/48,1,460358,462552,2024-07-16T16:38:00+00:00,2024-07-18T05:12:00+00:00,2194,0.004340287145172167,4.340287145172167,1000.0,كسر-سفلي,0,True,True,,False,4.4983490999999995,4.497,0.0003,4.531,1,baseline,0,"""{\""system\"": \""Donchian-96/48\"", \""channel_tf\"": \""15m\"", \""capital\"": 1000.0}"""
دوناتشيان,donchian,donchian,FILUSDT,عرضي,Donchian-96/48,1,464582,465915,2024-07-19T15:02:00+00:00,2024-07-20T13:15:00+00:00,1333,0.02385526446295745,23.85526446295745,1000.0,كسر-سفلي,0,True,True,,False,4.4883461,4.487,0.0003,4.606,1,baseline,0,"""{\""system\"": \""Donchian-96/48\"", \""channel_tf\"": \""15m\"", \""capital\"": 1000.0}"""
دوناتشيان,donchian,donchian,FILUSDT,عرضي,Donchian-96/48,1,466101,466863,2024-07-20T16:21:00+00:00,2024-07-21T05:03:00+00:00,762,-0.023993326350423918,-23.993326350423917,1000.0,كسر-سفلي,0,False,True,,False,4.7682876,4.764,0.0009,4.666,1,baseline,0,"""{\""system\"": \""Donchian-96/48\"", \""channel_tf\"": \""15m\"", \""capital\"": 1000.0}"""
دوناتشيان,donchian,donchian,FILUSDT,عرضي,Donchian-96/48,1,468031,469379,2024-07-22T00:31:00+00:00,2024-07-22T22:59:00+00:00,1348,-0.06119741051699582,-61.197410516995824,1000.0,كسر-سفلي,0,False,True,,False,4.8148872,4.812,0.0006,4.532,1,baseline,0,"""{\""system\"": \""Donchian-96/48\"", \""channel_tf\"": \""15m\"", \""capital\"": 1000.0}"""
دوناتشيان,donchian,donchian,FILUSDT,عرضي,Donchian-96/48,1,473905,476336,2024-07-26T02:25:00+00:00,2024-07-27T18:56:00+00:00,2431,0.07452783276186813,74.52783276186813,1000.0,كسر-سفلي,0,True,True,,False,4.2382711,4.237,0.0003,4.566,1,baseline,0,"""{\""system\"": \""Donchian-96/48\"", \""channel_tf\"": \""15m\"", \""capital\"": 1000.0}"""
دوناتشيان,donchian,donchian,FILUSDT,عرضي,Donchian-96/48,1,478281,478991,2024-07-29T03:21:00+00:00,2024-07-29T15:11:00+00:00,710,-0.018983138922254433,-18.983138922254433,1000.0,كسر-سفلي,0,False,True,,False,4.6273878,4.626,0.0003,4.55,1,baseline,0,"""{\""system\"": \""Donchian-96/48\"", \""channel_tf\"": \""15m\"", \""capital\"": 1000.0}"""
دوناتشيان,donchian,donchian,FILUSDT,عرضي,Donchian-96/48,1,489664,491884,2024-08-06T01:04:00+00:00,2024-08-07T14:04:00+00:00,2220,0.018524464904323835,18.524464904323835,1000.0,كسر-سفلي,0,True,True,,False,3.3990194,3.398,0.0003,3.471,1,baseline,0,"""{\""system\"": \""Donchian-96/48\"", \""channel_tf\"": \""15m\"", \""capital\"": 1000.0}"""
دوناتشيان,donchian,donchian,FILUSDT,عرضي,Donchian-96/48,1,493232,494543,2024-08-08T12:32:00+00:00,2024-08-09T10:23:00+00:00,1311,0.044685549643745846,44.685549643745844,1000.0,كسر-سفلي,0,True,True,,False,3.5581994999999997,3.555,0.0009,3.728,1,baseline,0,"""{\""system\"": \""Donchian-96/48\"", \""channel_tf\"": \""15m\"", \""capital\"": 1000.0}"""
دوناتشيان,donchian,donchian,FILUSDT,عرضي,Donchian-96/48,1,497002,497445,2024-08-11T03:22:00+00:00,2024-08-11T10:45:00+00:00,443,-0.016972727569898483,-16.97272756989848,1000.0,كسر-سفلي,0,False,True,,False,3.827295,3.825,0.0006,3.771,1,baseline,0,"""{\""system\"": \""Donchian-96/48\"", \""channel_tf\"": \""15m\"", \""capital\"": 1000.0}"""
دوناتشيان,donchian,donchian,FILUSDT,عرضي,Donchian-96/48,1,498954,500265,2024-08-12T11:54:00+00:00,2024-08-13T09:45:00+00:00,1311,-0.03165785221537365,-31.65785221537365,1000.0,كسر-سفلي,0,False,True,,False,3.7421223,3.741,0.0003,3.632,1,baseline,0,"""{\""system\"": \""Donchian-96/48\"", \""channel_tf\"": \""15m\"", \""capital\"": 1000.0}"""
دوناتشيان,donchian,donchian,FILUSDT,عرضي,Donchian-96/48,1,503435,503627,2024-08-15T14:35:00+00:00,2024-08-15T17:47:00+00:00,192,-0.030563713607113952,-30.563713607113954,1000.0,كسر-سفلي,0,False,True,,False,3.6771028,3.676,0.0003,3.574,1,baseline,0,"""{\""system\"": \""Donchian-96/48\"", \""channel_tf\"": \""15m\"", \""capital\"": 1000.0}"""
دوناتشيان,donchian,donchian,FILUSDT,عرضي,Donchian-96/48,1,506763,507121,2024-08-17T22:03:00+00:00,2024-08-18T04:01:00+00:00,358,-0.01933787027549076,-19.337870275490758,1000.0,كسر-سفلي,0,False,True,,False,3.5801467999999996,3.578,0.0006,3.519,1,baseline,0,"""{\""system\"": \""Donchian-96/48\"", \""channel_tf\"": \""15m\"", \""capital\"": 1000.0}"""
دوناتشيان,donchian,donchian,FILUSDT,عرضي,Donchian-96/48,1,507518,508288,2024-08-18T10:38:00+00:00,2024-08-18T23:28:00+00:00,770,-0.0076637378584453065,-7.663737858445306,1000.0,كسر-سفلي,0,False,True,,False,3.5882264999999998,3.585,0.0009,3.57,1,baseline,0,"""{\""system\"": \""Donchian-96/48\"", \""channel_tf\"": \""15m\"", \""capital\"": 1000.0}"""
دوناتشيان,donchian,donchian,FILUSDT,عرضي,Donchian-96/48,1,509375,510618,2024-08-19T17:35:00+00:00,2024-08-20T14:18:00+00:00,1243,-0.004891739072199919,-4.891739072199918,1000.0,كسر-سفلي,0,False,True,,False,3.6322661,3.629,0.0009,3.625,1,baseline,0,"""{\""system\"": \""Donchian-96/48\"", \""channel_tf\"": \""15m\"", \""capital\"": 1000.0}"""
دوناتشيان,donchian,donchian,FILUSDT,عرضي,Donchian-96/48,1,510970,512024,2024-08-20T20:10:00+00:00,2024-08-21T13:44:00+00:00,1054,-0.02665075555397012,-26.65075555397012,1000.0,كسر-سفلي,0,False,True,,False,3.7032206,3.701,0.0006,3.615,1,baseline,0,"""{\""system\"": \""Donchian-96/48\"", \""channel_tf\"": \""15m\"", \""capital\"": 1000.0}"""
دوناتشيان,donchian,donchian,FILUSDT,عرضي,Donchian-96/48,1,512242,516788,2024-08-21T17:22:00+00:00,2024-08-24T21:08:00+00:00,4546,0.13720634186189073,137.20634186189073,1000.0,كسر-سفلي,0,True,True,,False,3.7071118,3.706,0.0003,4.228,1,baseline,0,"""{\""system\"": \""Donchian-96/48\"", \""channel_tf\"": \""15m\"", \""capital\"": 1000.0}"""
دوناتشيان,donchian,donchian,FILUSDT,عرضي,Donchian-96/48,1,523601,523811,2024-08-29T14:41:00+00:00,2024-08-29T18:11:00+00:00,210,-0.02649818483578982,-26.49818483578982,1000.0,كسر-سفلي,0,False,True,,False,3.761128,3.76,0.0003,3.671,1,baseline,0,"""{\""system\"": \""Donchian-96/48\"", \""channel_tf\"": \""15m\"", \""capital\"": 1000.0}"""
دوناتشيان,donchian,donchian,FILUSDT,عرضي,Donchian-96/48,1,529374,530737,2024-09-02T14:54:00+00:00,2024-09-03T13:37:00+00:00,1363,-0.020003725617374308,-20.003725617374307,1000.0,كسر-سفلي,0,False,True,,False,3.5061527,3.503,0.0009,3.446,1,baseline,0,"""{\""system\"": \""Donchian-96/48\"", \""channel_tf\"": \""15m\"", \""capital\"": 1000.0}"""
دوناتشيان,donchian,donchian,FILUSDT,عرضي,Donchian-96/48,1,532323,532987,2024-09-04T16:03:00+00:00,2024-09-05T03:07:00+00:00,664,-0.023512243046673844,-23.512243046673845,1000.0,كسر-سفلي,0,False,True,,False,3.4350302,3.434,0.0003,3.363,1,baseline,0,"""{\""system\"": \""Donchian-96/48\"", \""channel_tf\"": \""15m\"", \""capital\"": 1000.0}"""
دوناتشيان,donchian,donchian,FILUSDT,عرضي,Donchian-96/48,1,536607,537909,2024-09-07T15:27:00+00:00,2024-09-08T13:09:00+00:00,1302,-0.010893320300567897,-10.893320300567897,1000.0,كسر-سفلي,0,False,True,,False,3.3700303,3.367,0.0009,3.342,1,baseline,0,"""{\""system\"": \""Donchian-96/48\"", \""channel_tf\"": \""15m\"", \""capital\"": 1000.0}"""
دوناتشيان,donchian,donchian,FILUSDT,عرضي,Donchian-96/48,1,538463,541696,2024-09-08T22:23:00+00:00,2024-09-11T04:16:00+00:00,3233,0.041055869980865814,41.055869980865815,1000.0,كسر-سفلي,0,True,True,,False,3.4270815999999997,3.424,0.0009,3.576,1,baseline,0,"""{\""system\"": \""Donchian-96/48\"", \""channel_tf\"": \""15m\"", \""capital\"": 1000.0}"""
دوناتشيان,donchian,donchian,FILUSDT,عرضي,Donchian-96/48,1,542975,543633,2024-09-12T01:35:00+00:00,2024-09-12T12:33:00+00:00,658,-0.02195640328378529,-21.95640328378529,1000.0,كسر-سفلي,0,False,True,,False,3.6630985999999996,3.662,0.0003,3.592,1,baseline,0,"""{\""system\"": \""Donchian-96/48\"", \""channel_tf\"": \""15m\"", \""capital\"": 1000.0}"""
دوناتشيان,donchian,donchian,FILUSDT,عرضي,Donchian-96/48,1,544465,544755,2024-09-13T02:25:00+00:00,2024-09-13T07:15:00+00:00,290,-0.016705998300312025,-16.705998300312025,1000.0,كسر-سفلي,0,False,True,,False,3.6771028,3.676,0.0003,3.624,1,baseline,0,"""{\""system\"": \""Donchian-96/48\"", \""channel_tf\"": \""15m\"", \""capital\"": 1000.0}"""
دوناتشيان,donchian,donchian,FILUSDT,عرضي,Donchian-96/48,1,544974,546057,2024-09-13T10:54:00+00:00,2024-09-14T04:57:00+00:00,1083,0.0022437468031968797,2.2437468031968795,1000.0,كسر-سفلي,0,True,True,,False,3.6882116,3.686,0.0006,3.705,1,baseline,0,"""{\""system\"": \""Donchian-96/48\"", \""channel_tf\"": \""15m\"", \""capital\"": 1000.0}"""
دوناتشيان,donchian,donchian,FILUSDT,عرضي,Donchian-96/48,1,550944,552108,2024-09-17T14:24:00+00:00,2024-09-18T09:48:00+00:00,1164,-0.020657525275052355,-20.657525275052354,1000.0,كسر-سفلي,0,False,True,,False,3.4851338,3.482,0.0009,3.421,1,baseline,0,"""{\""system\"": \""Donchian-96/48\"", \""channel_tf\"": \""15m\"", \""capital\"": 1000.0}"""
دوناتشيان,donchian,donchian,FILUSDT,عرضي,Donchian-96/48,1,552911,554471,2024-09-18T23:11:00+00:00,2024-09-20T01:11:00+00:00,1560,0.031261172737824645,31.261172737824644,1000.0,كسر-سفلي,0,True,True,,False,3.5360605,3.535,0.0003,3.655,1,baseline,0,"""{\""system\"": \""Donchian-96/48\"", \""channel_tf\"": \""15m\"", \""capital\"": 1000.0}"""
دوناتشيان,donchian,donchian,FILUSDT,عرضي,Donchian-96/48,1,554638,555490,2024-09-20T03:58:00+00:00,2024-09-20T18:10:00+00:00,852,-0.01852987971880708,-18.529879718807077,1000.0,كسر-سفلي,0,False,True,,False,3.7571267999999995,3.756,0.0003,3.696,1,baseline,0,"""{\""system\"": \""Donchian-96/48\"", \""channel_tf\"": \""15m\"", \""capital\"": 1000.0}"""
دوناتشيان,donchian,donchian,FILUSDT,عرضي,Donchian-96/48,1,556686,557410,2024-09-21T14:06:00+00:00,2024-09-22T02:10:00+00:00,724,-0.007290584758520783,-7.290584758520783,1000.0,كسر-سفلي,0,False,True,,False,3.8261475000000003,3.825,0.0003,3.807,1,baseline,0,"""{\""system\"": \""Donchian-96/48\"", \""channel_tf\"": \""15m\"", \""capital\"": 1000.0}"""
دوناتشيان,donchian,donchian,FILUSDT,عرضي,Donchian-96/48,1,560678,561035,2024-09-24T08:38:00+00:00,2024-09-24T14:35:00+00:00,357,-0.026292178630837087,-26.292178630837086,1000.0,كسر-سفلي,0,False,True,,False,3.7991394,3.798,0.0003,3.71,1,baseline,0,"""{\""system\"": \""Donchian-96/48\"", \""channel_tf\"": \""15m\"", \""capital\"": 1000.0}"""
دوناتشيان,donchian,donchian,FILUSDT,عرضي,Donchian-96/48,1,561353,563137,2024-09-24T19:53:00+00:00,2024-09-26T01:37:00+00:00,1784,0.012771784413104845,12.771784413104845,1000.0,كسر-سفلي,0,True,True,,False,3.8301487,3.829,0.0003,3.888,1,baseline,0,"""{\""system\"": \""Donchian-96/48\"", \""channel_tf\"": \""15m\"", \""capital\"": 1000.0}"""
دوناتشيان,donchian,donchian,FILUSDT,عرضي,Donchian-96/48,1,563383,566237,2024-09-26T05:43:00+00:00,2024-09-28T05:17:00+00:00,2854,0.0205298378096662,20.5298378096662,1000.0,كسر-سفلي,0,True,True,,False,4.0552162,4.054,0.0003,4.148,1,baseline,0,"""{\""system\"": \""Donchian-96/48\"", \""channel_tf\"": \""15m\"", \""capital\"": 1000.0}"""
دوناتشيان,donchian,donchian,FILUSDT,عرضي,Donchian-96/48,1,575064,577129,2024-10-04T08:24:00+00:00,2024-10-05T18:49:00+00:00,2065,-0.012501976619459667,-12.501976619459667,1000.0,كسر-سفلي,0,False,True,,False,3.6351798,3.633,0.0006,3.598,1,baseline,0,"""{\""system\"": \""Donchian-96/48\"", \""channel_tf\"": \""15m\"", \""capital\"": 1000.0}"""
دوناتشيان,donchian,donchian,FILUSDT,عرضي,Donchian-96/48,1,578222,580686,2024-10-06T13:02:00+00:00,2024-10-08T06:06:00+00:00,2464,-0.001840685995760347,-1.840685995760347,1000.0,كسر-سفلي,0,False,True,,False,3.6781031,3.677,0.0003,3.682,1,baseline,0,"""{\""system\"": \""Donchian-96/48\"", \""channel_tf\"": \""15m\"", \""capital\"": 1000.0}"""
دوناتشيان,donchian,donchian,FILUSDT,عرضي,Donchian-96/48,1,584653,587242,2024-10-11T00:13:00+00:00,2024-10-12T19:22:00+00:00,2589,0.009202080855928598,9.202080855928598,1000.0,كسر-سفلي,0,True,True,,False,3.5461264,3.544,0.0006,3.587,1,baseline,0,"""{\""system\"": \""Donchian-96/48\"", \""channel_tf\"": \""15m\"", \""capital\"": 1000.0}"""
دوناتشيان,donchian,donchian,FILUSDT,عرضي,Donchian-96/48,1,589175,591086,2024-10-14T03:35:00+00:00,2024-10-15T11:26:00+00:00,1911,0.04674430405861373,46.744304058613736,1000.0,كسر-سفلي,0,True,True,,False,3.6121659999999998,3.61,0.0006,3.792,1,baseline,0,"""{\""system\"": \""Donchian-96/48\"", \""channel_tf\"": \""15m\"", \""capital\"": 1000.0}"""
دوناتشيان,donchian,donchian,FILUSDT,عرضي,Donchian-96/48,1,595623,596812,2024-10-18T15:03:00+00:00,2024-10-19T10:52:00+00:00,1189,0.0032633857090067393,3.2633857090067395,1000.0,كسر-سفلي,0,True,True,,False,3.7241169,3.723,0.0003,3.746,1,baseline,0,"""{\""system\"": \""Donchian-96/48\"", \""channel_tf\"": \""15m\"", \""capital\"": 1000.0}"""
دوناتشيان,donchian,donchian,FILUSDT,عرضي,Donchian-96/48,1,597910,599574,2024-10-20T05:10:00+00:00,2024-10-21T08:54:00+00:00,1664,0.03127844197412868,31.27844197412868,1000.0,كسر-سفلي,0,True,True,,False,3.7952757999999998,3.793,0.0006,3.923,1,baseline,0,"""{\""system\"": \""Donchian-96/48\"", \""channel_tf\"": \""15m\"", \""capital\"": 1000.0}"""
دوناتشيان,donchian,donchian,FILUSDT,عرضي,Donchian-96/48,1,604633,605057,2024-10-24T21:13:00+00:00,2024-10-25T04:17:00+00:00,424,-0.018306072952268947,-18.30607295226895,1000.0,كسر-سفلي,0,False,True,,False,3.7541259,3.753,0.0003,3.695,1,baseline,0,"""{\""system\"": \""Donchian-96/48\"", \""channel_tf\"": \""15m\"", \""capital\"": 1000.0}"""
دوناتشيان,donchian,donchian,FILUSDT,عرضي,Donchian-96/48,1,607890,609449,2024-10-27T03:30:00+00:00,2024-10-28T05:29:00+00:00,1559,0.0014087116257670838,1.4087116257670838,1000.0,كسر-سفلي,0,True,True,,False,3.4870458,3.486,0.0003,3.5,1,baseline,0,"""{\""system\"": \""Donchian-96/48\"", \""channel_tf\"": \""15m\"", \""capital\"": 1000.0}"""
دوناتشيان,donchian,donchian,FILUSDT,عرضي,Donchian-96/48,1,609867,613542,2024-10-28T12:27:00+00:00,2024-10-31T01:42:00+00:00,3675,0.009689941690832466,9.689941690832466,1000.0,كسر-سفلي,0,True,True,,False,3.6312651999999996,3.628,0.0009,3.676,1,baseline,0,"""{\""system\"": \""Donchian-96/48\"", \""channel_tf\"": \""15m\"", \""capital\"": 1000.0}"""
دوناتشيان,donchian,donchian,FILUSDT,عرضي,Donchian-96/48,1,619861,620446,2024-11-04T11:01:00+00:00,2024-11-04T20:46:00+00:00,585,-0.02789231236936958,-27.89231236936958,1000.0,كسر-سفلي,0,False,True,,False,3.3920173,3.391,0.0003,3.305,1,baseline,0,"""{\""system\"": \""Donchian-96/48\"", \""channel_tf\"": \""15m\"", \""capital\"": 1000.0}"""
دوناتشيان,donchian,donchian,FILUSDT,عرضي,Donchian-96/48,1,621508,624408,2024-11-05T14:28:00+00:00,2024-11-07T14:48:00+00:00,2900,0.08370088934941543,83.70088934941543,1000.0,كسر-سفلي,0,True,True,,False,3.3860303999999997,3.384,0.0006,3.679,1,baseline,0,"""{\""system\"": \""Donchian-96/48\"", \""channel_tf\"": \""15m\"", \""capital\"": 1000.0}"""
دوناتشيان,donchian,donchian,FILUSDT,عرضي,Donchian-96/48,1,625822,627436,2024-11-08T14:22:00+00:00,2024-11-09T17:16:00+00:00,1614,-0.006321241505602504,-6.321241505602504,1000.0,كسر-سفلي,0,False,True,,False,3.8294433999999997,3.826,0.0009,3.814,1,baseline,0,"""{\""system\"": \""Donchian-96/48\"", \""channel_tf\"": \""15m\"", \""capital\"": 1000.0}"""
دوناتشيان,donchian,donchian,FILUSDT,عرضي,Donchian-96/48,1,627782,629105,2024-11-09T23:02:00+00:00,2024-11-10T21:05:00+00:00,1323,0.027427571501127592,27.42757150112759,1000.0,كسر-سفلي,0,True,True,,False,3.9983975999999997,3.996,0.0006,4.12,1,baseline,0,"""{\""system\"": \""Donchian-96/48\"", \""channel_tf\"": \""15m\"", \""capital\"": 1000.0}"""
دوناتشيان,donchian,donchian,FILUSDT,عرضي,Donchian-96/48,1,630702,631370,2024-11-11T23:42:00+00:00,2024-11-12T10:50:00+00:00,668,-0.050174317086350645,-50.17431708635065,1000.0,كسر-سفلي,0,False,True,,False,4.372311300000001,4.371,0.0003,4.165,1,baseline,0,"""{\""system\"": \""Donchian-96/48\"", \""channel_tf\"": \""15m\"", \""capital\"": 1000.0}"""
دوناتشيان,donchian,donchian,FILUSDT,عرضي,Donchian-96/48,1,635868,638277,2024-11-15T13:48:00+00:00,2024-11-17T05:57:00+00:00,2409,0.10427650717902195,104.27650717902195,1000.0,كسر-سفلي,0,True,True,,False,4.0422123,4.041,0.0003,4.474,1,baseline,0,"""{\""system\"": \""Donchian-96/48\"", \""channel_tf\"": \""15m\"", \""capital\"": 1000.0}"""
دوناتشيان,donchian,donchian,FILUSDT,عرضي,Donchian-96/48,1,644393,645930,2024-11-21T11:53:00+00:00,2024-11-22T13:30:00+00:00,1537,-0.012257415162473532,-12.257415162473531,1000.0,كسر-سفلي,0,False,True,,False,4.5517294,4.549,0.0006,4.509,1,baseline,0,"""{\""system\"": \""Donchian-96/48\"", \""channel_tf\"": \""15m\"", \""capital\"": 1000.0}"""
دوناتشيان,donchian,donchian,FILUSDT,عرضي,Donchian-96/48,1,646097,648755,2024-11-22T16:17:00+00:00,2024-11-24T12:35:00+00:00,2658,0.13751846267053824,137.51846267053824,1000.0,كسر-سفلي,0,True,True,,False,4.7494244,4.748,0.0003,5.415,1,baseline,0,"""{\""system\"": \""Donchian-96/48\"", \""channel_tf\"": \""15m\"", \""capital\"": 1000.0}"""
دوناتشيان,donchian,donchian,FILUSDT,عرضي,Donchian-96/48,1,650019,650333,2024-11-25T09:39:00+00:00,2024-11-25T14:53:00+00:00,314,-0.06357159952840565,-63.57159952840564,1000.0,كسر-سفلي,0,False,True,,False,5.8314968,5.828,0.0006,5.475,1,baseline,0,"""{\""system\"": \""Donchian-96/48\"", \""channel_tf\"": \""15m\"", \""capital\"": 1000.0}"""
دوناتشيان,donchian,donchian,FILUSDT,عرضي,Donchian-96/48,1,652959,654247,2024-11-27T10:39:00+00:00,2024-11-28T08:07:00+00:00,1288,0.010862096347174256,10.862096347174257,1000.0,كسر-سفلي,0,True,True,,False,5.5596673999999995,5.558,0.0003,5.633,1,baseline,0,"""{\""system\"": \""Donchian-96/48\"", \""channel_tf\"": \""15m\"", \""capital\"": 1000.0}"""
دوناتشيان,donchian,donchian,FILUSDT,عرضي,Donchian-96/48,1,655868,659106,2024-11-29T11:08:00+00:00,2024-12-01T17:06:00+00:00,3238,0.14236012845648927,142.36012845648926,1000.0,كسر-سفلي,0,True,True,,False,5.874282099999999,5.869,0.0009,6.726,1,baseline,0,"""{\""system\"": \""Donchian-96/48\"", \""channel_tf\"": \""15m\"", \""capital\"": 1000.0}"""
دوناتشيان,donchian,donchian,FILUSDT,عرضي,Donchian-96/48,1,659577,660163,2024-12-02T00:57:00+00:00,2024-12-02T10:43:00+00:00,586,-0.058872050956325105,-58.872050956325104,1000.0,كسر-سفلي,0,False,True,,False,7.0762431999999995,7.072,0.0006,6.679,1,baseline,0,"""{\""system\"": \""Donchian-96/48\"", \""channel_tf\"": \""15m\"", \""capital\"": 1000.0}"""
دوناتشيان,donchian,donchian,FILUSDT,عرضي,Donchian-96/48,1,661264,661787,2024-12-03T05:04:00+00:00,2024-12-03T13:47:00+00:00,523,-0.06004251984934786,-60.04251984934786,1000.0,كسر-سفلي,0,False,True,,False,7.5072515,7.505,0.0003,7.077,1,baseline,0,"""{\""system\"": \""Donchian-96/48\"", \""channel_tf\"": \""15m\"", \""capital\"": 1000.0}"""
دوناتشيان,donchian,donchian,FILUSDT,عرضي,Donchian-96/48,1,662602,663914,2024-12-04T03:22:00+00:00,2024-12-05T01:14:00+00:00,1312,0.004560849381411854,4.560849381411854,1000.0,كسر-سفلي,0,True,True,,False,7.666299199999999,7.664,0.0003,7.719,1,baseline,0,"""{\""system\"": \""Donchian-96/48\"", \""channel_tf\"": \""15m\"", \""capital\"": 1000.0}"""
دوناتشيان,donchian,donchian,FILUSDT,عرضي,Donchian-96/48,1,666214,666921,2024-12-06T15:34:00+00:00,2024-12-07T03:21:00+00:00,707,-0.02372858776208501,-23.72858776208501,1000.0,كسر-سفلي,0,False,True,,False,8.0914267,8.089,0.0003,7.92,1,baseline,0,"""{\""system\"": \""Donchian-96/48\"", \""channel_tf\"": \""15m\"", \""capital\"": 1000.0}"""
دوناتشيان,donchian,donchian,FILUSDT,عرضي,Donchian-96/48,1,673221,675096,2024-12-11T12:21:00+00:00,2024-12-12T19:36:00+00:00,1875,0.052795877187920184,52.79587718792018,1000.0,كسر-سفلي,0,True,True,,False,6.3768237999999995,6.373,0.0006,6.733,1,baseline,0,"""{\""system\"": \""Donchian-96/48\"", \""channel_tf\"": \""15m\"", \""capital\"": 1000.0}"""
دوناتشيان,donchian,donchian,FILUSDT,عرضي,Donchian-96/48,1,679046,679528,2024-12-15T13:26:00+00:00,2024-12-15T21:28:00+00:00,482,-0.022690943541007435,-22.690943541007435,1000.0,كسر-سفلي,0,False,True,,False,6.5979788,6.596,0.0003,6.467,1,baseline,0,"""{\""system\"": \""Donchian-96/48\"", \""channel_tf\"": \""15m\"", \""capital\"": 1000.0}"""
دوناتشيان,donchian,donchian,FILUSDT,عرضي,Donchian-96/48,1,679710,680370,2024-12-16T00:30:00+00:00,2024-12-16T11:30:00+00:00,660,-0.039026372858623606,-39.02637285862361,1000.0,كسر-سفلي,0,False,True,,False,6.792037,6.79,0.0003,6.542,1,baseline,0,"""{\""system\"": \""Donchian-96/48\"", \""channel_tf\"": \""15m\"", \""capital\"": 1000.0}"""
دوناتشيان,donchian,donchian,FILUSDT,عرضي,Donchian-96/48,1,687216,687635,2024-12-21T05:36:00+00:00,2024-12-21T12:35:00+00:00,419,-0.032722249757571785,-32.72224975757179,1000.0,كسر-سفلي,0,False,True,,False,5.2851691999999995,5.282,0.0006,5.124,1,baseline,0,"""{\""system\"": \""Donchian-96/48\"", \""channel_tf\"": \""15m\"", \""capital\"": 1000.0}"""
دوناتشيان,donchian,donchian,FILUSDT,عرضي,Donchian-96/48,1,690990,693050,2024-12-23T20:30:00+00:00,2024-12-25T06:50:00+00:00,2060,0.05516614353935528,55.166143539355275,1000.0,كسر-سفلي,0,True,True,,False,5.0675197999999995,5.066,0.0003,5.361,1,baseline,0,"""{\""system\"": \""Donchian-96/48\"", \""channel_tf\"": \""15m\"", \""capital\"": 1000.0}"""
دوناتشيان,donchian,donchian,FILUSDT,عرضي,Donchian-96/48,1,696066,696461,2024-12-27T09:06:00+00:00,2024-12-27T15:41:00+00:00,395,-0.045715973954044746,-45.71597395404475,1000.0,كسر-سفلي,0,False,True,,False,5.1370804,5.134,0.0006,4.915,1,baseline,0,"""{\""system\"": \""Donchian-96/48\"", \""channel_tf\"": \""15m\"", \""capital\"": 1000.0}"""
دوناتشيان,donchian,donchian,FILUSDT,عرضي,Donchian-96/48,1,697814,698770,2024-12-28T14:14:00+00:00,2024-12-29T06:10:00+00:00,956,0.007302581668741274,7.302581668741274,1000.0,كسر-سفلي,0,True,True,,False,5.087050399999999,5.084,0.0006,5.136,1,baseline,0,"""{\""system\"": \""Donchian-96/48\"", \""channel_tf\"": \""15m\"", \""capital\"": 1000.0}"""
دوناتشيان,donchian,donchian,FILUSDT,عرضي,Donchian-96/48,1,702089,702719,2024-12-31T13:29:00+00:00,2024-12-31T23:59:00+00:00,630,-0.030786018433531247,-30.786018433531247,1000.0,نهاية-البيانات,0,False,True,,False,5.0985846,5.094,0.0009,4.953,1,baseline,0,"""{\""system\"": \""Donchian-96/48\"", \""channel_tf\"": \""15m\"", \""capital\"": 1000.0}"""
دوناتشيان,donchian,donchian,FILUSDT,عرضي,Donchian-288/96,1,4504,5616,2023-09-04T03:04:00+00:00,2023-09-04T21:36:00+00:00,1112,-0.039591028392016454,-39.591028392016455,1000.0,كسر-سفلي,0,False,True,symbol_exposure,True,3.2589303999999997,3.256,0.0009,3.139,1,baseline,0,"""{\""system\"": \""Donchian-288/96\"", \""channel_tf\"": \""15m\"", \""capital\"": 1000.0}"""
دوناتشيان,donchian,donchian,FILUSDT,عرضي,Donchian-288/96,1,18157,22759,2023-09-13T14:37:00+00:00,2023-09-16T19:19:00+00:00,4602,0.032926267101600966,32.92626710160096,1000.0,كسر-سفلي,0,True,True,symbol_exposure,True,3.2029205999999997,3.201,0.0006,3.316,1,baseline,0,"""{\""system\"": \""Donchian-288/96\"", \""channel_tf\"": \""15m\"", \""capital\"": 1000.0}"""
دوناتشيان,donchian,donchian,FILUSDT,عرضي,Donchian-288/96,1,39768,45760,2023-09-28T14:48:00+00:00,2023-10-02T18:40:00+00:00,5992,0.00227149444497688,2.2714944449768804,1000.0,كسر-سفلي,0,True,True,symbol_exposure,True,3.2879565,3.285,0.0009,3.305,1,baseline,0,"""{\""system\"": \""Donchian-288/96\"", \""channel_tf\"": \""15m\"", \""capital\"": 1000.0}"""
دوناتشيان,donchian,donchian,FILUSDT,عرضي,Donchian-288/96,1,51476,54743,2023-10-06T17:56:00+00:00,2023-10-09T00:23:00+00:00,3267,0.009069449611716789,9.069449611716788,1000.0,كسر-سفلي,0,True,True,symbol_exposure,True,3.3329996,3.332,0.0003,3.373,1,baseline,0,"""{\""system\"": \""Donchian-288/96\"", \""channel_tf\"": \""15m\"", \""capital\"": 1000.0}"""
دوناتشيان,donchian,donchian,FILUSDT,عرضي,Donchian-288/96,1,65117,67068,2023-10-16T05:17:00+00:00,2023-10-17T13:48:00+00:00,1951,-0.026060394252169064,-26.060394252169065,1000.0,كسر-سفلي,0,False,True,symbol_exposure,True,3.2689394,3.266,0.0009,3.193,1,baseline,0,"""{\""system\"": \""Donchian-288/96\"", \""channel_tf\"": \""15m\"", \""capital\"": 1000.0}"""
دوناتشيان,donchian,donchian,FILUSDT,عرضي,Donchian-288/96,1,71082,78227,2023-10-20T08:42:00+00:00,2023-10-25T07:47:00+00:00,7145,0.12909491782213808,129.0949178221381,1000.0,كسر-سفلي,0,True,True,symbol_exposure,True,3.2639348999999998,3.261,0.0009,3.696,1,baseline,0,"""{\""system\"": \""Donchian-288/96\"", \""channel_tf\"": \""15m\"", \""capital\"": 1000.0}"""
دوناتشيان,donchian,donchian,FILUSDT,عرضي,Donchian-288/96,1,84412,86000,2023-10-29T14:52:00+00:00,2023-10-30T17:20:00+00:00,1588,-0.015275432086953207,-15.275432086953208,1000.0,كسر-سفلي,0,False,True,symbol_exposure,True,3.7971387999999995,3.796,0.0003,3.75,1,baseline,0,"""{\""system\"": \""Donchian-288/96\"", \""channel_tf\"": \""15m\"", \""capital\"": 1000.0}"""
دوناتشيان,donchian,donchian,FILUSDT,عرضي,Donchian-288/96,1,90448,97211,2023-11-02T19:28:00+00:00,2023-11-07T12:11:00+00:00,6763,0.04344513634490178,43.44513634490178,1000.0,كسر-سفلي,0,True,True,symbol_exposure,True,4.0216161999999995,4.018,0.0009,4.206,1,baseline,0,"""{\""system\"": \""Donchian-288/96\"", \""channel_tf\"": \""15m\"", \""capital\"": 1000.0}"""
دوناتشيان,donchian,donchian,FILUSDT,عرضي,Donchian-288/96,1,99350,100333,2023-11-08T23:50:00+00:00,2023-11-09T16:13:00+00:00,983,-0.04807911337404089,-48.07911337404089,1000.0,كسر-سفلي,0,False,True,symbol_exposure,True,4.4653392,4.464,0.0003,4.263,1,baseline,0,"""{\""system\"": \""Donchian-288/96\"", \""channel_tf\"": \""15m\"", \""capital\"": 1000.0}"""
دوناتشيان,donchian,donchian,FILUSDT,عرضي,Donchian-288/96,1,103109,106415,2023-11-11T14:29:00+00:00,2023-11-13T21:35:00+00:00,3306,0.06090052434607194,60.90052434607194,1000.0,كسر-سفلي,0,True,True,symbol_exposure,True,4.7162408,4.712,0.0009,5.018,1,baseline,0,"""{\""system\"": \""Donchian-288/96\"", \""channel_tf\"": \""15m\"", \""capital\"": 1000.0}"""
دوناتشيان,donchian,donchian,FILUSDT,عرضي,Donchian-288/96,1,121479,124584,2023-11-24T08:39:00+00:00,2023-11-26T12:24:00+00:00,3105,-0.0044372327062090515,-4.437232706209051,1000.0,كسر-سفلي,0,False,True,symbol_exposure,True,4.6481796,4.644,0.0009,4.641,1,baseline,0,"""{\""system\"": \""Donchian-288/96\"", \""channel_tf\"": \""15m\"", \""capital\"": 1000.0}"""
دوناتشيان,donchian,donchian,FILUSDT,عرضي,Donchian-288/96,1,133259,135047,2023-12-02T12:59:00+00:00,2023-12-03T18:47:00+00:00,1788,-0.011761146425337855,-11.761146425337856,1000.0,كسر-سفلي,0,False,True,symbol_exposure,True,4.5837486,4.581,0.0006,4.543,1,baseline,0,"""{\""system\"": \""Donchian-288/96\"", \""channel_tf\"": \""15m\"", \""capital\"": 1000.0}"""
دوناتشيان,donchian,donchian,FILUSDT,عرضي,Donchian-288/96,1,135716,143792,2023-12-04T05:56:00+00:00,2023-12-09T20:32:00+00:00,8076,0.07974431453438392,79.74431453438392,1000.0,كسر-سفلي,0,True,True,symbol_exposure,True,4.7863038,4.782,0.0009,5.183,1,baseline,0,"""{\""system\"": \""Donchian-288/96\"", \""channel_tf\"": \""15m\"", \""capital\"": 1000.0}"""
دوناتشيان,donchian,donchian,FILUSDT,عرضي,Donchian-288/96,1,150147,155471,2023-12-14T06:27:00+00:00,2023-12-17T23:11:00+00:00,5324,0.1179793474200953,117.97934742009531,1000.0,كسر-سفلي,0,True,True,symbol_exposure,True,4.8018794,4.799,0.0006,5.384,1,baseline,0,"""{\""system\"": \""Donchian-288/96\"", \""channel_tf\"": \""15m\"", \""capital\"": 1000.0}"""
دوناتشيان,donchian,donchian,FILUSDT,عرضي,Donchian-288/96,1,160921,162833,2023-12-21T18:01:00+00:00,2023-12-23T01:53:00+00:00,1912,-0.01329633191410401,-13.296331914104009,1000.0,كسر-سفلي,0,False,True,symbol_exposure,True,5.466639499999999,5.465,0.0003,5.408,1,baseline,0,"""{\""system\"": \""Donchian-288/96\"", \""channel_tf\"": \""15m\"", \""capital\"": 1000.0}"""
دوناتشيان,donchian,donchian,FILUSDT,عرضي,Donchian-288/96,1,165670,167382,2023-12-25T01:10:00+00:00,2023-12-26T05:42:00+00:00,1712,-0.04510175067877494,-45.10175067877494,1000.0,كسر-سفلي,0,False,True,symbol_exposure,True,5.8057412,5.804,0.0003,5.56,1,baseline,0,"""{\""system\"": \""Donchian-288/96\"", \""channel_tf\"": \""15m\"", \""capital\"": 1000.0}"""
دوناتشيان,donchian,donchian,FILUSDT,عرضي,Donchian-288/96,1,169505,172337,2023-12-27T17:05:00+00:00,2023-12-29T16:17:00+00:00,2832,-0.007083966452862486,-7.0839664528624855,1000.0,كسر-سفلي,0,False,True,symbol_exposure,True,5.8987691,5.897,0.0003,5.874,1,baseline,0,"""{\""system\"": \""Donchian-288/96\"", \""channel_tf\"": \""15m\"", \""capital\"": 1000.0}"""
دوناتشيان,donchian,donchian,FILUSDT,عرضي,Donchian-288/96,1,174978,178010,2023-12-31T12:18:00+00:00,2024-01-02T14:50:00+00:00,3032,0.1543189744211142,154.3189744211142,1000.0,كسر-سفلي,0,True,True,symbol_exposure,True,6.3498076,6.346,0.0006,7.351,1,baseline,0,"""{\""system\"": \""Donchian-288/96\"", \""channel_tf\"": \""15m\"", \""capital\"": 1000.0}"""
دوناتشيان,donchian,donchian,FILUSDT,عرضي,Donchian-288/96,1,189957,192535,2024-01-10T21:57:00+00:00,2024-01-12T16:55:00+00:00,2578,0.012815194992260177,12.815194992260176,1000.0,كسر-سفلي,0,True,True,symbol_exposure,True,5.9037706,5.902,0.0003,5.995,1,baseline,0,"""{\""system\"": \""Donchian-288/96\"", \""channel_tf\"": \""15m\"", \""capital\"": 1000.0}"""
دوناتشيان,donchian,donchian,FILUSDT,عرضي,Donchian-288/96,1,212321,215299,2024-01-26T10:41:00+00:00,2024-01-28T12:19:00+00:00,2978,0.031211177172796714,31.211177172796713,1000.0,كسر-سفلي,0,True,True,symbol_exposure,True,5.0440246,5.041,0.0006,5.215,1,baseline,0,"""{\""system\"": \""Donchian-288/96\"", \""channel_tf\"": \""15m\"", \""capital\"": 1000.0}"""
دوناتشيان,donchian,donchian,FILUSDT,عرضي,Donchian-288/96,1,223217,224652,2024-02-03T00:17:00+00:00,2024-02-04T00:12:00+00:00,1435,-0.03361446460490439,-33.614464604904384,1000.0,كسر-سفلي,0,False,True,symbol_exposure,True,5.182660199999999,5.178,0.0009,5.023,1,baseline,0,"""{\""system\"": \""Donchian-288/96\"", \""channel_tf\"": \""15m\"", \""capital\"": 1000.0}"""
دوناتشيان,donchian,donchian,FILUSDT,عرضي,Donchian-288/96,1,228718,235969,2024-02-06T19:58:00+00:00,2024-02-11T20:49:00+00:00,7251,0.030232259030479276,30.232259030479277,1000.0,كسر-سفلي,0,True,True,symbol_exposure,True,5.144084599999999,5.141,0.0006,5.315,1,baseline,0,"""{\""system\"": \""Donchian-288/96\"", \""channel_tf\"": \""15m\"", \""capital\"": 1000.0}"""
دوناتشيان,donchian,donchian,FILUSDT,عرضي,Donchian-288/96,1,238089,242814,2024-02-13T08:09:00+00:00,2024-02-16T14:54:00+00:00,4725,0.03905513817923059,39.05513817923059,1000.0,كسر-سفلي,0,True,True,symbol_exposure,True,5.4986491,5.497,0.0003,5.73,1,baseline,0,"""{\""system\"": \""Donchian-288/96\"", \""channel_tf\"": \""15m\"", \""capital\"": 1000.0}"""
دوناتشيان,donchian,donchian,FILUSDT,عرضي,Donchian-288/96,1,243796,249976,2024-02-17T07:16:00+00:00,2024-02-21T14:16:00+00:00,6180,0.16553349054397135,165.53349054397134,1000.0,كسر-سفلي,0,True,True,symbol_exposure,True,6.025417999999999,6.02,0.0009,7.039,1,baseline,0,"""{\""system\"": \""Donchian-288/96\"", \""channel_tf\"": \""15m\"", \""capital\"": 1000.0}"""
دوناتشيان,donchian,donchian,FILUSDT,عرضي,Donchian-288/96,1,251553,253529,2024-02-22T16:33:00+00:00,2024-02-24T01:29:00+00:00,1976,-0.04346799312309653,-43.46799312309653,1000.0,كسر-سفلي,0,False,True,symbol_exposure,True,8.084269299999999,8.077,0.0009,7.753,1,baseline,0,"""{\""system\"": \""Donchian-288/96\"", \""channel_tf\"": \""15m\"", \""capital\"": 1000.0}"""
دوناتشيان,donchian,donchian,FILUSDT,عرضي,Donchian-288/96,1,255779,256773,2024-02-25T14:59:00+00:00,2024-02-26T07:33:00+00:00,994,-0.06635543590006887,-66.35543590006887,1000.0,كسر-سفلي,0,False,True,symbol_exposure,True,8.5841474,8.579,0.0006,8.033,1,baseline,0,"""{\""system\"": \""Donchian-288/96\"", \""channel_tf\"": \""15m\"", \""capital\"": 1000.0}"""
دوناتشيان,donchian,donchian,FILUSDT,عرضي,Donchian-288/96,1,261428,267472,2024-02-29T13:08:00+00:00,2024-03-04T17:52:00+00:00,6044,0.1648427344021044,164.84273440210438,1000.0,كسر-سفلي,0,True,True,symbol_exposure,True,8.3365002,8.334,0.0003,9.736,1,baseline,0,"""{\""system\"": \""Donchian-288/96\"", \""channel_tf\"": \""15m\"", \""capital\"": 1000.0}"""
دوناتشيان,donchian,donchian,FILUSDT,عرضي,Donchian-288/96,1,272699,274797,2024-03-08T08:59:00+00:00,2024-03-09T19:57:00+00:00,2098,0.052637940847889184,52.63794084788918,1000.0,كسر-سفلي,0,True,True,symbol_exposure,True,10.3681095,10.365,0.0003,10.939,1,baseline,0,"""{\""system\"": \""Donchian-288/96\"", \""channel_tf\"": \""15m\"", \""capital\"": 1000.0}"""
دوناتشيان,donchian,donchian,FILUSDT,عرضي,Donchian-288/96,1,297502,300058,2024-03-25T14:22:00+00:00,2024-03-27T08:58:00+00:00,2556,-0.00873267126685798,-8.73267126685798,1000.0,كسر-سفلي,0,False,True,symbol_exposure,True,9.230535,9.225,0.0006,9.171,1,baseline,0,"""{\""system\"": \""Donchian-288/96\"", \""channel_tf\"": \""15m\"", \""capital\"": 1000.0}"""
دوناتشيان,donchian,donchian,FILUSDT,عرضي,Donchian-288/96,1,303149,304731,2024-03-29T12:29:00+00:00,2024-03-30T14:51:00+00:00,1582,-0.01901190686201573,-19.01190686201573,1000.0,كسر-سفلي,0,False,True,symbol_exposure,True,9.7089118,9.706,0.0003,9.552,1,baseline,0,"""{\""system\"": \""Donchian-288/96\"", \""channel_tf\"": \""15m\"", \""capital\"": 1000.0}"""
دوناتشيان,donchian,donchian,FILUSDT,عرضي,Donchian-288/96,1,316146,318728,2024-04-07T13:06:00+00:00,2024-04-09T08:08:00+00:00,2582,0.0003726580556811627,0.37265805568116267,1000.0,كسر-سفلي,0,True,True,symbol_exposure,True,8.8476535,8.845,0.0003,8.874,1,baseline,0,"""{\""system\"": \""Donchian-288/96\"", \""channel_tf\"": \""15m\"", \""capital\"": 1000.0}"""
دوناتشيان,donchian,donchian,FILUSDT,عرضي,Donchian-288/96,1,333058,336514,2024-04-19T06:58:00+00:00,2024-04-21T16:34:00+00:00,3456,0.042473325780207925,42.47332578020792,1000.0,كسر-سفلي,0,True,True,symbol_exposure,True,6.140521499999999,6.135,0.0009,6.418,1,baseline,0,"""{\""system\"": \""Donchian-288/96\"", \""channel_tf\"": \""15m\"", \""capital\"": 1000.0}"""
دوناتشيان,donchian,donchian,FILUSDT,عرضي,Donchian-288/96,1,346730,346997,2024-04-28T18:50:00+00:00,2024-04-28T23:17:00+00:00,267,-0.04012523358086408,-40.125233580864084,1000.0,كسر-سفلي,0,False,True,symbol_exposure,True,6.1246726,6.121,0.0006,5.896,1,baseline,0,"""{\""system\"": \""Donchian-288/96\"", \""channel_tf\"": \""15m\"", \""capital\"": 1000.0}"""
دوناتشيان,donchian,donchian,FILUSDT,عرضي,Donchian-288/96,1,352683,355724,2024-05-02T22:03:00+00:00,2024-05-05T00:44:00+00:00,3041,-0.0033622780298775477,-3.362278029877548,1000.0,كسر-سفلي,0,False,True,symbol_exposure,True,6.001799999999999,6.0,0.0003,5.999,1,baseline,0,"""{\""system\"": \""Donchian-288/96\"", \""channel_tf\"": \""15m\"", \""capital\"": 1000.0}"""
دوناتشيان,donchian,donchian,FILUSDT,عرضي,Donchian-288/96,1,356653,358022,2024-05-05T16:13:00+00:00,2024-05-06T15:02:00+00:00,1369,-0.032893649607523105,-32.8936496075231,1000.0,كسر-سفلي,0,False,True,symbol_exposure,True,6.2467458,6.243,0.0006,6.057,1,baseline,0,"""{\""system\"": \""Donchian-288/96\"", \""channel_tf\"": \""15m\"", \""capital\"": 1000.0}"""
دوناتشيان,donchian,donchian,FILUSDT,عرضي,Donchian-288/96,1,371114,375242,2024-05-15T17:14:00+00:00,2024-05-18T14:02:00+00:00,4128,0.014342942990335747,14.342942990335747,1000.0,كسر-سفلي,0,True,True,symbol_exposure,True,5.7277178,5.726,0.0003,5.825,1,baseline,0,"""{\""system\"": \""Donchian-288/96\"", \""channel_tf\"": \""15m\"", \""capital\"": 1000.0}"""
دوناتشيان,donchian,donchian,FILUSDT,عرضي,Donchian-288/96,1,388255,389076,2024-05-27T14:55:00+00:00,2024-05-28T04:36:00+00:00,821,-0.03847184815465087,-38.47184815465087,1000.0,كسر-سفلي,0,False,True,symbol_exposure,True,6.050628199999999,6.047,0.0006,5.833,1,baseline,0,"""{\""system\"": \""Donchian-288/96\"", \""channel_tf\"": \""15m\"", \""capital\"": 1000.0}"""
دوناتشيان,donchian,donchian,FILUSDT,عرضي,Donchian-288/96,1,397831,399421,2024-06-03T06:31:00+00:00,2024-06-04T09:01:00+00:00,1590,-0.03289777618618197,-32.89777618618197,1000.0,كسر-سفلي,0,False,True,symbol_exposure,True,5.9267775,5.925,0.0003,5.745,1,baseline,0,"""{\""system\"": \""Donchian-288/96\"", \""channel_tf\"": \""15m\"", \""capital\"": 1000.0}"""
دوناتشيان,donchian,donchian,FILUSDT,عرضي,Donchian-288/96,1,399945,402755,2024-06-04T17:45:00+00:00,2024-06-06T16:35:00+00:00,2810,-0.0032306835925267723,-3.230683592526772,1000.0,كسر-سفلي,0,False,True,symbol_exposure,True,5.9697904,5.968,0.0003,5.966,1,baseline,0,"""{\""system\"": \""Donchian-288/96\"", \""channel_tf\"": \""15m\"", \""capital\"": 1000.0}"""
دوناتشيان,donchian,donchian,FILUSDT,عرضي,Donchian-288/96,1,403804,404295,2024-06-07T10:04:00+00:00,2024-06-07T18:15:00+00:00,491,-0.06170509400952737,-61.705094009527365,1000.0,كسر-سفلي,0,False,True,symbol_exposure,True,6.129511599999999,6.124,0.0009,5.768,1,baseline,0,"""{\""system\"": \""Donchian-288/96\"", \""channel_tf\"": \""15m\"", \""capital\"": 1000.0}"""
دوناتشيان,donchian,donchian,FILUSDT,عرضي,Donchian-288/96,1,430051,431295,2024-06-25T15:31:00+00:00,2024-06-26T12:15:00+00:00,1244,-0.027642822704304168,-27.64282270430417,1000.0,كسر-سفلي,0,False,True,symbol_exposure,True,4.5013499999999995,4.5,0.0003,4.387,1,baseline,0,"""{\""system\"": \""Donchian-288/96\"", \""channel_tf\"": \""15m\"", \""capital\"": 1000.0}"""
دوناتشيان,donchian,donchian,FILUSDT,صاعد,Donchian-288/96,1,433178,434447,2024-06-27T19:38:00+00:00,2024-06-28T16:47:00+00:00,1269,-0.020150189885724194,-20.150189885724195,1000.0,كسر-سفلي,0,False,True,symbol_exposure,True,4.5297162,4.527,0.0006,4.45,1,baseline,0,"""{\""system\"": \""Donchian-288/96\"", \""channel_tf\"": \""15m\"", \""capital\"": 1000.0}"""
دوناتشيان,donchian,donchian,FILUSDT,عرضي,Donchian-288/96,1,450987,454209,2024-07-10T04:27:00+00:00,2024-07-12T10:09:00+00:00,3222,-0.0002294960091007006,-0.2294960091007006,1000.0,كسر-سفلي,0,False,True,symbol_exposure,True,3.9715711999999996,3.968,0.0009,3.981,1,baseline,0,"""{\""system\"": \""Donchian-288/96\"", \""channel_tf\"": \""15m\"", \""capital\"": 1000.0}"""
دوناتشيان,donchian,donchian,FILUSDT,عرضي,Donchian-288/96,1,455459,462558,2024-07-13T06:59:00+00:00,2024-07-18T05:18:00+00:00,7099,0.0586339064446574,58.6339064446574,1000.0,كسر-سفلي,0,True,True,symbol_exposure,True,4.241272,4.24,0.0003,4.503,1,baseline,0,"""{\""system\"": \""Donchian-288/96\"", \""channel_tf\"": \""15m\"", \""capital\"": 1000.0}"""
دوناتشيان,donchian,donchian,FILUSDT,عرضي,Donchian-288/96,1,466101,467406,2024-07-20T16:21:00+00:00,2024-07-21T14:06:00+00:00,1305,-0.03947221487379923,-39.47221487379923,1000.0,كسر-سفلي,0,False,True,symbol_exposure,True,4.7682876,4.764,0.0009,4.592,1,baseline,0,"""{\""system\"": \""Donchian-288/96\"", \""channel_tf\"": \""15m\"", \""capital\"": 1000.0}"""
دوناتشيان,donchian,donchian,FILUSDT,عرضي,Donchian-288/96,1,468031,469379,2024-07-22T00:31:00+00:00,2024-07-22T22:59:00+00:00,1348,-0.06119741051699582,-61.197410516995824,1000.0,كسر-سفلي,0,False,True,symbol_exposure,True,4.8148872,4.812,0.0006,4.532,1,baseline,0,"""{\""system\"": \""Donchian-288/96\"", \""channel_tf\"": \""15m\"", \""capital\"": 1000.0}"""
دوناتشيان,donchian,donchian,FILUSDT,عرضي,Donchian-288/96,1,474739,476337,2024-07-26T16:19:00+00:00,2024-07-27T18:57:00+00:00,1598,-0.0031954853062187475,-3.1954853062187474,1000.0,كسر-سفلي,0,False,True,symbol_exposure,True,4.5607348,4.558,0.0006,4.558,1,baseline,0,"""{\""system\"": \""Donchian-288/96\"", \""channel_tf\"": \""15m\"", \""capital\"": 1000.0}"""
دوناتشيان,donchian,donchian,FILUSDT,عرضي,Donchian-288/96,1,493235,497484,2024-08-08T12:35:00+00:00,2024-08-11T11:24:00+00:00,4249,0.03222378634357828,32.22378634357828,1000.0,كسر-سفلي,0,True,True,symbol_exposure,True,3.6022391,3.599,0.0009,3.728,1,baseline,0,"""{\""system\"": \""Donchian-288/96\"", \""channel_tf\"": \""15m\"", \""capital\"": 1000.0}"""
دوناتشيان,donchian,donchian,FILUSDT,عرضي,Donchian-288/96,1,509375,516817,2024-08-19T17:35:00+00:00,2024-08-24T21:37:00+00:00,7442,0.14883533020216344,148.83533020216345,1000.0,كسر-سفلي,0,True,True,symbol_exposure,True,3.6322661,3.629,0.0009,4.185,1,baseline,0,"""{\""system\"": \""Donchian-288/96\"", \""channel_tf\"": \""15m\"", \""capital\"": 1000.0}"""
دوناتشيان,donchian,donchian,FILUSDT,عرضي,Donchian-288/96,1,538463,541723,2024-09-08T22:23:00+00:00,2024-09-11T04:43:00+00:00,3260,0.031430008901686374,31.430008901686374,1000.0,كسر-سفلي,0,True,True,symbol_exposure,True,3.4270815999999997,3.424,0.0009,3.544,1,baseline,0,"""{\""system\"": \""Donchian-288/96\"", \""channel_tf\"": \""15m\"", \""capital\"": 1000.0}"""
دوناتشيان,donchian,donchian,FILUSDT,عرضي,Donchian-288/96,1,544998,547755,2024-09-13T11:18:00+00:00,2024-09-15T09:15:00+00:00,2757,-0.018846449532596343,-18.846449532596342,1000.0,كسر-سفلي,0,False,True,symbol_exposure,True,3.6962163999999995,3.694,0.0006,3.636,1,baseline,0,"""{\""system\"": \""Donchian-288/96\"", \""channel_tf\"": \""15m\"", \""capital\"": 1000.0}"""
دوناتشيان,donchian,donchian,FILUSDT,عرضي,Donchian-288/96,1,552911,557838,2024-09-18T23:11:00+00:00,2024-09-22T09:18:00+00:00,4927,0.05549113751886308,55.49113751886308,1000.0,كسر-سفلي,0,True,True,symbol_exposure,True,3.5360605,3.535,0.0003,3.742,1,baseline,0,"""{\""system\"": \""Donchian-288/96\"", \""channel_tf\"": \""15m\"", \""capital\"": 1000.0}"""
دوناتشيان,donchian,donchian,FILUSDT,عرضي,Donchian-288/96,1,561640,563138,2024-09-25T00:40:00+00:00,2024-09-26T01:38:00+00:00,1498,-0.007028693003623073,-7.028693003623073,1000.0,كسر-سفلي,0,False,True,symbol_exposure,True,3.9035099999999994,3.9,0.0009,3.885,1,baseline,0,"""{\""system\"": \""Donchian-288/96\"", \""channel_tf\"": \""15m\"", \""capital\"": 1000.0}"""
دوناتشيان,donchian,donchian,FILUSDT,عرضي,Donchian-288/96,1,563383,566317,2024-09-26T05:43:00+00:00,2024-09-28T06:37:00+00:00,2934,0.007925506944819548,7.925506944819547,1000.0,كسر-سفلي,0,True,True,symbol_exposure,True,4.0552162,4.054,0.0003,4.098,1,baseline,0,"""{\""system\"": \""Donchian-288/96\"", \""channel_tf\"": \""15m\"", \""capital\"": 1000.0}"""
دوناتشيان,donchian,donchian,FILUSDT,عرضي,Donchian-288/96,1,578230,580686,2024-10-06T13:10:00+00:00,2024-10-08T06:06:00+00:00,2456,-0.002654402827829072,-2.654402827829072,1000.0,كسر-سفلي,0,False,True,symbol_exposure,True,3.681104,3.68,0.0003,3.682,1,baseline,0,"""{\""system\"": \""Donchian-288/96\"", \""channel_tf\"": \""15m\"", \""capital\"": 1000.0}"""
دوناتشيان,donchian,donchian,FILUSDT,عرضي,Donchian-288/96,1,586698,588195,2024-10-12T10:18:00+00:00,2024-10-13T11:15:00+00:00,1497,-0.02774221146836412,-27.742211468364122,1000.0,كسر-سفلي,0,False,True,symbol_exposure,True,3.6530956,3.652,0.0003,3.561,1,baseline,0,"""{\""system\"": \""Donchian-288/96\"", \""channel_tf\"": \""15m\"", \""capital\"": 1000.0}"""
دوناتشيان,donchian,donchian,FILUSDT,عرضي,Donchian-288/96,1,589234,591307,2024-10-14T04:34:00+00:00,2024-10-15T15:07:00+00:00,2073,0.012890132614827878,12.890132614827879,1000.0,كسر-سفلي,0,True,True,symbol_exposure,True,3.6570968,3.656,0.0003,3.715,1,baseline,0,"""{\""system\"": \""Donchian-288/96\"", \""channel_tf\"": \""15m\"", \""capital\"": 1000.0}"""
دوناتشيان,donchian,donchian,FILUSDT,عرضي,Donchian-288/96,1,596346,597180,2024-10-19T03:06:00+00:00,2024-10-19T17:00:00+00:00,834,-0.02826878868379101,-28.26878868379101,1000.0,كسر-سفلي,0,False,True,symbol_exposure,True,3.8131435999999996,3.812,0.0003,3.715,1,baseline,0,"""{\""system\"": \""Donchian-288/96\"", \""channel_tf\"": \""15m\"", \""capital\"": 1000.0}"""
دوناتشيان,donchian,donchian,FILUSDT,عرضي,Donchian-288/96,1,598166,599856,2024-10-20T09:26:00+00:00,2024-10-21T13:36:00+00:00,1690,0.0014557053986275338,1.455705398627534,1000.0,كسر-سفلي,0,True,True,symbol_exposure,True,3.8284425,3.825,0.0009,3.844,1,baseline,0,"""{\""system\"": \""Donchian-288/96\"", \""channel_tf\"": \""15m\"", \""capital\"": 1000.0}"""
دوناتشيان,donchian,donchian,FILUSDT,عرضي,Donchian-288/96,1,611548,613542,2024-10-29T16:28:00+00:00,2024-10-31T01:42:00+00:00,1994,-0.009899421299502028,-9.899421299502027,1000.0,كسر-سفلي,0,False,True,symbol_exposure,True,3.7031106,3.702,0.0003,3.676,1,baseline,0,"""{\""system\"": \""Donchian-288/96\"", \""channel_tf\"": \""15m\"", \""capital\"": 1000.0}"""
دوناتشيان,donchian,donchian,FILUSDT,عرضي,Donchian-288/96,1,622111,631704,2024-11-06T00:31:00+00:00,2024-11-12T16:24:00+00:00,9593,0.1881747686039148,188.1747686039148,1000.0,كسر-سفلي,0,True,True,symbol_exposure,True,3.4450657999999996,3.443,0.0006,4.104,1,baseline,0,"""{\""system\"": \""Donchian-288/96\"", \""channel_tf\"": \""15m\"", \""capital\"": 1000.0}"""
دوناتشيان,donchian,donchian,FILUSDT,عرضي,Donchian-288/96,1,636984,638824,2024-11-16T08:24:00+00:00,2024-11-17T15:04:00+00:00,1840,0.031338685595921664,31.338685595921664,1000.0,كسر-سفلي,0,True,True,symbol_exposure,True,4.2758448,4.272,0.0009,4.42,1,baseline,0,"""{\""system\"": \""Donchian-288/96\"", \""channel_tf\"": \""15m\"", \""capital\"": 1000.0}"""
دوناتشيان,donchian,donchian,FILUSDT,عرضي,Donchian-288/96,1,644402,650799,2024-11-21T12:02:00+00:00,2024-11-25T22:39:00+00:00,6397,0.16246955246956432,162.46955246956432,1000.0,كسر-سفلي,0,True,True,symbol_exposure,True,4.6011372999999995,4.597,0.0009,5.361,1,baseline,0,"""{\""system\"": \""Donchian-288/96\"", \""channel_tf\"": \""15m\"", \""capital\"": 1000.0}"""
دوناتشيان,donchian,donchian,FILUSDT,عرضي,Donchian-288/96,1,653850,654713,2024-11-28T01:30:00+00:00,2024-11-28T15:53:00+00:00,863,-0.05926561876202496,-59.265618762024964,1000.0,كسر-سفلي,0,False,True,symbol_exposure,True,5.862758299999999,5.861,0.0003,5.528,1,baseline,0,"""{\""system\"": \""Donchian-288/96\"", \""channel_tf\"": \""15m\"", \""capital\"": 1000.0}"""
دوناتشيان,donchian,donchian,FILUSDT,عرضي,Donchian-288/96,1,655937,660163,2024-11-29T12:17:00+00:00,2024-12-02T10:43:00+00:00,4226,0.12784227576894677,127.84227576894678,1000.0,كسر-سفلي,0,True,True,symbol_exposure,True,5.904770899999999,5.903,0.0003,6.679,1,baseline,0,"""{\""system\"": \""Donchian-288/96\"", \""channel_tf\"": \""15m\"", \""capital\"": 1000.0}"""
دوناتشيان,donchian,donchian,FILUSDT,عرضي,Donchian-288/96,1,661264,661796,2024-12-03T05:04:00+00:00,2024-12-03T13:56:00+00:00,532,-0.08700470276168117,-87.00470276168116,1000.0,كسر-سفلي,0,False,True,symbol_exposure,True,7.5072515,7.505,0.0003,6.874,1,baseline,0,"""{\""system\"": \""Donchian-288/96\"", \""channel_tf\"": \""15m\"", \""capital\"": 1000.0}"""
دوناتشيان,donchian,donchian,FILUSDT,عرضي,Donchian-288/96,1,662602,665189,2024-12-04T03:22:00+00:00,2024-12-05T22:29:00+00:00,2587,-0.01997428828888763,-19.974288288887628,1000.0,كسر-سفلي,0,False,True,symbol_exposure,True,7.666299199999999,7.664,0.0003,7.535,1,baseline,0,"""{\""system\"": \""Donchian-288/96\"", \""channel_tf\"": \""15m\"", \""capital\"": 1000.0}"""
دوناتشيان,donchian,donchian,FILUSDT,عرضي,Donchian-288/96,1,679727,681131,2024-12-16T00:47:00+00:00,2024-12-17T00:11:00+00:00,1404,-0.06396148783275155,-63.961487832751544,1000.0,كسر-سفلي,0,False,True,symbol_exposure,True,6.8600574,6.858,0.0003,6.438,1,baseline,0,"""{\""system\"": \""Donchian-288/96\"", \""channel_tf\"": \""15m\"", \""capital\"": 1000.0}"""
دوناتشيان,donchian,donchian,FILUSDT,عرضي,Donchian-288/96,1,692005,693619,2024-12-24T13:25:00+00:00,2024-12-25T16:19:00+00:00,1614,-0.0028959647188708175,-2.8959647188708173,1000.0,كسر-سفلي,0,False,True,symbol_exposure,True,5.2741625999999995,5.271,0.0006,5.271,1,baseline,0,"""{\""system\"": \""Donchian-288/96\"", \""channel_tf\"": \""15m\"", \""capital\"": 1000.0}"""
