symbol,exp,entry_time,exit_time,entry,exit,notional,pnl,r_mult,exit_side,bars_held
ETHUSDT,F_165_score_entry,2025-01-02T01:00:00+00:00,2025-01-02T02:00:00+00:00,3394.316883,3405.15884,20.0,0.0639,,stop,1
ETHUSDT,F_165_score_entry,2025-01-02T05:00:00+00:00,2025-01-02T09:00:00+00:00,3422.132997,3433.063803,20.0,0.0639,,stop,4
ETHUSDT,F_165_score_entry,2025-01-03T14:00:00+00:00,2025-01-03T15:00:00+00:00,3486.386418,3529.216734,20.0,0.2457,,stop,1
ETHUSDT,F_165_score_entry,2025-01-03T17:00:00+00:00,2025-01-03T19:00:00+00:00,3588.939564,3605.571656,20.0,0.0927,,stop,2
ETHUSDT,F_165_score_entry,2025-01-04T13:00:00+00:00,2025-01-04T14:00:00+00:00,3640.256189,3651.883713,20.0,0.0639,,stop,1
ETHUSDT,F_165_score_entry,2025-01-14T10:00:00+00:00,2025-01-14T12:00:00+00:00,3248.11707,3176.877468,20.0,-0.4387,,stop,2
ETHUSDT,F_165_score_entry,2025-01-15T20:00:00+00:00,2025-01-15T21:00:00+00:00,3439.455487,3462.295657,20.0,0.1328,,stop,1
ETHUSDT,F_165_score_entry,2025-01-17T21:00:00+00:00,2025-01-18T02:00:00+00:00,3519.36924,3445.278833,20.0,-0.421,,stop,5
ETHUSDT,F_165_score_entry,2025-01-23T23:00:00+00:00,2025-01-24T00:00:00+00:00,3326.679068,3337.30498,20.0,0.0639,,stop,1
ETHUSDT,F_165_score_entry,2025-01-24T06:00:00+00:00,2025-01-24T14:00:00+00:00,3414.402961,3425.309076,20.0,0.0639,,stop,8
ETHUSDT,F_165_score_entry,2025-01-26T05:00:00+00:00,2025-01-26T09:00:00+00:00,3356.627951,3316.814765,20.0,-0.2372,,stop,4
ETHUSDT,F_165_score_entry,2025-01-30T14:00:00+00:00,2025-01-30T15:00:00+00:00,3267.382082,3277.81859,20.0,0.0639,,stop,1
ETHUSDT,F_165_score_entry,2025-02-09T04:00:00+00:00,2025-02-09T13:00:00+00:00,2682.012089,2630.122764,20.0,-0.3869,,stop,9
ETHUSDT,F_165_score_entry,2025-02-11T01:00:00+00:00,2025-02-11T02:00:00+00:00,2709.11728,2717.770607,20.0,0.0639,,stop,1
ETHUSDT,F_165_score_entry,2025-02-12T23:00:00+00:00,2025-02-13T00:00:00+00:00,2749.16928,2757.950539,20.0,0.0639,,stop,1
ETHUSDT,F_165_score_entry,2025-02-14T18:00:00+00:00,2025-02-14T19:00:00+00:00,2777.566148,2786.438111,20.0,0.0639,,stop,1
ETHUSDT,F_165_score_entry,2025-02-17T09:00:00+00:00,2025-02-17T10:00:00+00:00,2718.118967,2732.828958,20.0,0.1082,,stop,1
ETHUSDT,F_165_score_entry,2025-02-21T14:00:00+00:00,2025-02-21T14:00:00+00:00,2840.007216,2791.38084,20.0,-0.3424,,stop,0
ETHUSDT,F_165_score_entry,2025-02-22T16:00:00+00:00,2025-02-22T17:00:00+00:00,2779.278371,2788.255589,20.0,0.0646,,stop,1
ETHUSDT,F_165_score_entry,2025-02-23T08:00:00+00:00,2025-02-23T11:00:00+00:00,2828.87276,2786.197417,20.0,-0.3017,,stop,3
ETHUSDT,F_165_score_entry,2025-03-02T10:00:00+00:00,2025-03-02T11:00:00+00:00,2245.124873,2253.385106,20.0,0.0736,,stop,1
ETHUSDT,F_165_score_entry,2025-03-17T19:00:00+00:00,2025-03-18T01:00:00+00:00,1951.093128,1911.606234,20.0,-0.4048,,stop,6
ETHUSDT,F_165_score_entry,2025-03-19T01:00:00+00:00,2025-03-19T11:00:00+00:00,1947.888968,1986.112461,20.0,0.3925,,stop,10
ETHUSDT,F_165_score_entry,2025-03-19T16:00:00+00:00,2025-03-19T18:00:00+00:00,2051.6637,2006.507559,20.0,-0.4402,,stop,2
ETHUSDT,F_165_score_entry,2025-03-24T05:00:00+00:00,2025-03-24T06:00:00+00:00,2042.932364,2049.457796,20.0,0.0639,,stop,1
ETHUSDT,F_165_score_entry,2025-03-24T07:00:00+00:00,2025-03-24T08:00:00+00:00,2069.316619,2075.926327,20.0,0.0639,,stop,1
ETHUSDT,F_165_score_entry,2025-03-24T09:00:00+00:00,2025-03-24T11:00:00+00:00,2093.177598,2099.863521,20.0,0.0639,,stop,2
ETHUSDT,F_165_score_entry,2025-04-01T07:00:00+00:00,2025-04-01T09:00:00+00:00,1860.084971,1888.577613,20.0,0.3064,,stop,2
ETHUSDT,F_165_score_entry,2025-04-12T13:00:00+00:00,2025-04-12T14:00:00+00:00,1609.319399,1643.533034,20.0,0.4252,,stop,1
ETHUSDT,F_165_score_entry,2025-04-14T11:00:00+00:00,2025-04-14T12:00:00+00:00,1681.022492,1686.39193,20.0,0.0639,,stop,1
ETHUSDT,F_165_score_entry,2025-04-21T02:00:00+00:00,2025-04-21T03:00:00+00:00,1630.757232,1640.024293,20.0,0.1137,,stop,1
ETHUSDT,F_165_score_entry,2025-04-22T22:00:00+00:00,2025-04-22T23:00:00+00:00,1756.48046,1762.090922,20.0,0.0639,,stop,1
ETHUSDT,F_165_score_entry,2025-04-27T01:00:00+00:00,2025-04-27T01:00:00+00:00,1844.434652,1813.452666,20.0,-0.336,,stop,0
ETHUSDT,F_165_score_entry,2025-04-29T09:00:00+00:00,2025-04-29T11:00:00+00:00,1834.892263,1840.753184,20.0,0.0639,,stop,2
ETHUSDT,F_165_score_entry,2025-05-06T23:00:00+00:00,2025-05-07T00:00:00+00:00,1813.45443,1819.246875,20.0,0.0639,,stop,1
ETHUSDT,F_165_score_entry,2025-05-08T11:00:00+00:00,2025-05-08T13:00:00+00:00,1963.5493,1970.740183,20.0,0.0732,,stop,2
ETHUSDT,F_165_score_entry,2025-05-08T20:00:00+00:00,2025-05-08T21:00:00+00:00,2120.583179,2195.033023,20.0,0.7022,,stop,1
ETHUSDT,F_165_score_entry,2025-05-09T08:00:00+00:00,2025-05-09T09:00:00+00:00,2367.163317,2485.541973,20.0,1.0002,,stop,1
ETHUSDT,F_165_score_entry,2025-05-10T08:00:00+00:00,2025-05-10T09:00:00+00:00,2403.130013,2430.607521,20.0,0.2287,,stop,1
ETHUSDT,F_165_score_entry,2025-05-10T23:00:00+00:00,2025-05-11T00:00:00+00:00,2580.560373,2591.42676,20.0,0.0842,,stop,1
ETHUSDT,F_165_score_entry,2025-05-13T14:00:00+00:00,2025-05-13T16:00:00+00:00,2552.974558,2565.382921,20.0,0.0972,,stop,2
ETHUSDT,F_165_score_entry,2025-05-13T17:00:00+00:00,2025-05-13T18:00:00+00:00,2600.87675,2613.354217,20.0,0.0959,,stop,1
ETHUSDT,F_165_score_entry,2025-05-13T19:00:00+00:00,2025-05-13T20:00:00+00:00,2673.420935,2732.751998,20.0,0.4439,,stop,1
ETHUSDT,F_165_score_entry,2025-05-18T14:00:00+00:00,2025-05-18T15:00:00+00:00,2545.494847,2561.336309,20.0,0.1245,,stop,1
ETHUSDT,F_165_score_entry,2025-05-18T16:00:00+00:00,2025-05-18T17:00:00+00:00,2582.3527,2533.69889,20.0,-0.3768,,stop,1
ETHUSDT,F_165_score_entry,2025-05-21T06:00:00+00:00,2025-05-21T07:00:00+00:00,2596.991706,2607.324166,20.0,0.0796,,stop,1
ETHUSDT,F_165_score_entry,2025-05-22T04:00:00+00:00,2025-05-22T06:00:00+00:00,2632.658012,2641.067117,20.0,0.0639,,stop,2
ETHUSDT,F_165_score_entry,2025-05-25T23:00:00+00:00,2025-05-26T01:00:00+00:00,2552.473908,2566.110514,20.0,0.1069,,stop,2
ETHUSDT,F_165_score_entry,2025-05-27T09:00:00+00:00,2025-05-27T10:00:00+00:00,2638.615747,2647.043881,20.0,0.0639,,stop,1
ETHUSDT,F_165_score_entry,2025-05-27T18:00:00+00:00,2025-05-27T19:00:00+00:00,2699.254475,2707.876299,20.0,0.0639,,stop,1
ETHUSDT,F_165_score_entry,2025-05-29T01:00:00+00:00,2025-05-29T03:00:00+00:00,2725.03795,2782.1481,20.0,0.4192,,stop,2
ETHUSDT,F_165_score_entry,2025-06-03T00:00:00+00:00,2025-06-03T01:00:00+00:00,2610.809646,2619.148964,20.0,0.0639,,stop,1
ETHUSDT,F_165_score_entry,2025-06-03T02:00:00+00:00,2025-06-03T03:00:00+00:00,2649.549943,2592.553807,20.0,-0.4302,,stop,1
ETHUSDT,F_165_score_entry,2025-06-07T23:00:00+00:00,2025-06-08T01:00:00+00:00,2538.69602,2510.680744,20.0,-0.2207,,stop,2
ETHUSDT,F_165_score_entry,2025-06-09T17:00:00+00:00,2025-06-09T18:00:00+00:00,2561.415517,2569.597062,20.0,0.0639,,stop,1
ETHUSDT,F_165_score_entry,2025-06-09T22:00:00+00:00,2025-06-09T23:00:00+00:00,2646.856446,2660.617854,20.0,0.104,,stop,1
ETHUSDT,F_165_score_entry,2025-06-11T15:00:00+00:00,2025-06-11T16:00:00+00:00,2844.282767,2873.176632,20.0,0.2032,,stop,1
ETHUSDT,F_165_score_entry,2025-06-16T06:00:00+00:00,2025-06-16T07:00:00+00:00,2610.809646,2619.148964,20.0,0.0639,,stop,1
ETHUSDT,F_165_score_entry,2025-06-16T08:00:00+00:00,2025-06-16T14:00:00+00:00,2632.107297,2640.514643,20.0,0.0639,,stop,6
ETHUSDT,F_165_score_entry,2025-06-20T08:00:00+00:00,2025-06-20T09:00:00+00:00,2552.954532,2561.109052,20.0,0.0639,,stop,1
ETHUSDT,F_165_score_entry,2025-06-23T23:00:00+00:00,2025-06-24T00:00:00+00:00,2410.489568,2422.984021,20.0,0.1037,,stop,1
ETHUSDT,F_165_score_entry,2025-06-24T17:00:00+00:00,2025-06-24T19:00:00+00:00,2482.132583,2423.674847,20.0,-0.471,,stop,2
ETHUSDT,F_165_score_entry,2025-06-26T02:00:00+00:00,2025-06-26T03:00:00+00:00,2462.416986,2496.748402,20.0,0.2788,,stop,1
ETHUSDT,F_165_score_entry,2025-06-28T16:00:00+00:00,2025-06-28T18:00:00+00:00,2439.26693,2447.058314,20.0,0.0639,,stop,2
ETHUSDT,F_165_score_entry,2025-06-29T12:00:00+00:00,2025-06-29T13:00:00+00:00,2465.440912,2444.615917,20.0,-0.1689,,stop,1
ETHUSDT,F_165_score_entry,2025-07-02T16:00:00+00:00,2025-07-02T17:00:00+00:00,2502.068466,2558.428665,20.0,0.4505,,stop,1
ETHUSDT,F_165_score_entry,2025-07-02T20:00:00+00:00,2025-07-02T23:00:00+00:00,2608.116149,2616.446863,20.0,0.0639,,stop,3
ETHUSDT,F_165_score_entry,2025-07-03T14:00:00+00:00,2025-07-03T15:00:00+00:00,2628.102097,2575.854841,20.0,-0.3976,,stop,1
ETHUSDT,F_165_score_entry,2025-07-11T06:00:00+00:00,2025-07-11T07:00:00+00:00,3008.786344,3018.396859,20.0,0.0639,,stop,1
ETHUSDT,F_165_score_entry,2025-07-13T13:00:00+00:00,2025-07-13T15:00:00+00:00,2989.951891,3013.97049,20.0,0.1607,,stop,2
ETHUSDT,F_165_score_entry,2025-07-14T05:00:00+00:00,2025-07-14T06:00:00+00:00,3056.978913,3066.743362,20.0,0.0639,,stop,1
ETHUSDT,F_165_score_entry,2025-07-15T14:00:00+00:00,2025-07-15T14:00:00+00:00,3055.66721,2989.805404,20.0,-0.4311,,stop,0
ETHUSDT,F_165_score_entry,2025-07-16T17:00:00+00:00,2025-07-16T18:00:00+00:00,3289.510812,3315.536184,20.0,0.1582,,stop,1
ETHUSDT,F_165_score_entry,2025-07-16T20:00:00+00:00,2025-07-16T21:00:00+00:00,3388.619486,3417.811062,20.0,0.1723,,stop,1
ETHUSDT,F_165_score_entry,2025-07-17T07:00:00+00:00,2025-07-17T08:00:00+00:00,3445.763677,3456.769963,20.0,0.0639,,stop,1
ETHUSDT,F_165_score_entry,2025-07-18T01:00:00+00:00,2025-07-18T02:00:00+00:00,3542.779634,3617.990011,20.0,0.4246,,stop,1
ETHUSDT,F_165_score_entry,2025-07-20T12:00:00+00:00,2025-07-20T16:00:00+00:00,3761.58371,3777.502854,20.0,0.0846,,stop,4
ETHUSDT,F_165_score_entry,2025-07-24T15:00:00+00:00,2025-07-24T16:00:00+00:00,3739.304785,3758.565505,20.0,0.103,,stop,1
ETHUSDT,F_165_score_entry,2025-08-04T01:00:00+00:00,2025-08-04T02:00:00+00:00,3550.770008,3562.1117,20.0,0.0639,,stop,1
ETHUSDT,F_165_score_entry,2025-08-04T03:00:00+00:00,2025-08-04T15:00:00+00:00,3576.303158,3657.906052,20.0,0.4564,,stop,12
ETHUSDT,F_165_score_entry,2025-08-04T17:00:00+00:00,2025-08-04T18:00:00+00:00,3690.411306,3706.278486,20.0,0.086,,stop,1
ETHUSDT,F_165_score_entry,2025-08-06T16:00:00+00:00,2025-08-06T18:00:00+00:00,3669.46411,3681.184929,20.0,0.0639,,stop,2
ETHUSDT,F_165_score_entry,2025-08-07T09:00:00+00:00,2025-08-07T10:00:00+00:00,3726.097638,3737.999353,20.0,0.0639,,stop,1
ETHUSDT,F_165_score_entry,2025-08-07T13:00:00+00:00,2025-08-07T14:00:00+00:00,3854.684584,3866.997025,20.0,0.0639,,stop,1
ETHUSDT,F_165_score_entry,2025-08-08T04:00:00+00:00,2025-08-08T14:00:00+00:00,3944.310947,4003.578972,20.0,0.3005,,stop,10
ETHUSDT,F_165_score_entry,2025-08-08T18:00:00+00:00,2025-08-08T19:00:00+00:00,4037.94251,4050.840304,20.0,0.0639,,stop,1
ETHUSDT,F_165_score_entry,2025-08-09T05:00:00+00:00,2025-08-09T06:00:00+00:00,4086.215183,4191.184368,20.0,0.5138,,stop,1
ETHUSDT,F_165_score_entry,2025-08-11T02:00:00+00:00,2025-08-11T03:00:00+00:00,4309.404953,4328.679392,20.0,0.0895,,stop,1
ETHUSDT,F_165_score_entry,2025-08-12T21:00:00+00:00,2025-08-13T04:00:00+00:00,4627.838379,4642.620389,20.0,0.0639,,stop,7
ETHUSDT,F_165_score_entry,2025-08-13T10:00:00+00:00,2025-08-13T14:00:00+00:00,4712.938866,4727.9927,20.0,0.0639,,stop,4
ETHUSDT,F_165_score_entry,2025-08-17T09:00:00+00:00,2025-08-17T10:00:00+00:00,4541.39615,4555.902051,20.0,0.0639,,stop,1
ETHUSDT,F_165_score_entry,2025-08-22T17:00:00+00:00,2025-08-22T18:00:00+00:00,4752.119735,4839.640422,20.0,0.3683,,stop,1
ETHUSDT,F_165_score_entry,2025-08-31T01:00:00+00:00,2025-08-31T04:00:00+00:00,4473.187594,4487.475626,20.0,0.0639,,stop,3
ETHUSDT,F_165_score_entry,2025-09-03T14:00:00+00:00,2025-09-03T15:00:00+00:00,4425.035077,4471.814098,20.0,0.2114,,stop,1
ETHUSDT,F_165_score_entry,2025-09-12T01:00:00+00:00,2025-09-12T02:00:00+00:00,4517.925678,4532.35661,20.0,0.0639,,stop,1
ETHUSDT,F_165_score_entry,2025-09-12T18:00:00+00:00,2025-09-12T20:00:00+00:00,4619.056978,4644.634116,20.0,0.1107,,stop,2
ETHUSDT,F_165_score_entry,2025-09-20T15:00:00+00:00,2025-09-20T16:00:00+00:00,4493.023347,4507.374738,20.0,0.0639,,stop,1
ETHUSDT,F_165_score_entry,2025-09-29T14:00:00+00:00,2025-09-29T15:00:00+00:00,4174.549869,4191.722488,20.0,0.0823,,stop,1
ETHUSDT,F_165_score_entry,2025-10-02T02:00:00+00:00,2025-10-02T07:00:00+00:00,4399.021303,4413.072437,20.0,0.0639,,stop,5
ETHUSDT,F_165_score_entry,2025-10-02T16:00:00+00:00,2025-10-02T17:00:00+00:00,4442.86823,4457.059418,20.0,0.0639,,stop,1
ETHUSDT,F_165_score_entry,2025-10-05T08:00:00+00:00,2025-10-05T09:00:00+00:00,4611.967774,4546.288477,20.0,-0.2848,,stop,1
ETHUSDT,F_165_score_entry,2025-10-07T13:00:00+00:00,2025-10-07T13:00:00+00:00,4753.631698,4688.72699,20.0,-0.2731,,stop,0
ETHUSDT,F_165_score_entry,2025-10-08T18:00:00+00:00,2025-10-09T02:00:00+00:00,4544.370011,4456.286441,20.0,-0.3877,,stop,8
ETHUSDT,F_165_score_entry,2025-10-12T17:00:00+00:00,2025-10-12T18:00:00+00:00,4111.618164,4149.372314,20.0,0.1836,,stop,1
ETHUSDT,F_165_score_entry,2025-10-15T09:00:00+00:00,2025-10-15T11:00:00+00:00,4187.23634,4084.335507,20.0,-0.4915,,stop,2
ETHUSDT,F_165_score_entry,2025-10-19T14:00:00+00:00,2025-10-19T15:00:00+00:00,3977.393899,3990.098292,20.0,0.0639,,stop,1
ETHUSDT,F_165_score_entry,2025-10-24T05:00:00+00:00,2025-10-24T13:00:00+00:00,3979.516655,4017.938768,20.0,0.1931,,stop,8
ETHUSDT,F_165_score_entry,2025-10-27T02:00:00+00:00,2025-10-27T03:00:00+00:00,4197.259353,4210.666029,20.0,0.0639,,stop,1
ETHUSDT,F_165_score_entry,2025-11-07T18:00:00+00:00,2025-11-07T19:00:00+00:00,3390.031319,3428.079464,20.0,0.2245,,stop,1
ETHUSDT,F_165_score_entry,2025-11-10T01:00:00+00:00,2025-11-10T02:00:00+00:00,3640.696761,3652.325693,20.0,0.0639,,stop,1
ETHUSDT,F_165_score_entry,2025-11-18T16:00:00+00:00,2025-11-18T17:00:00+00:00,3110.908931,3162.258585,20.0,0.3301,,stop,1
ETHUSDT,F_165_score_entry,2025-11-22T23:00:00+00:00,2025-11-23T02:00:00+00:00,2792.886038,2806.445412,20.0,0.0971,,stop,3
ETHUSDT,F_165_score_entry,2025-11-24T18:00:00+00:00,2025-11-24T19:00:00+00:00,2943.842026,2953.837792,20.0,0.0679,,stop,1
ETHUSDT,F_165_score_entry,2025-11-25T23:00:00+00:00,2025-11-26T02:00:00+00:00,2974.281546,2983.781847,20.0,0.0639,,stop,3
ETHUSDT,F_165_score_entry,2025-11-26T18:00:00+00:00,2025-11-26T19:00:00+00:00,3030.814944,3040.495822,20.0,0.0639,,stop,1
ETHUSDT,F_165_score_entry,2025-11-30T13:00:00+00:00,2025-11-30T14:00:00+00:00,3029.923787,3042.952972,20.0,0.086,,stop,1
ETHUSDT,F_165_score_entry,2025-12-30T09:00:00+00:00,2025-12-30T14:00:00+00:00,2981.480893,2991.00419,20.0,0.0639,,stop,5
ETHUSDT,F_165_score_entry,2026-01-02T10:00:00+00:00,2026-01-02T11:00:00+00:00,3052.122608,3061.871545,20.0,0.0639,,stop,1
ETHUSDT,F_165_score_entry,2026-01-05T01:00:00+00:00,2026-01-05T02:00:00+00:00,3172.31866,3214.059628,20.0,0.2632,,stop,1
ETHUSDT,F_165_score_entry,2026-01-11T15:00:00+00:00,2026-01-11T15:00:00+00:00,3129.523098,3108.337,20.0,-0.1354,,stop,0
ETHUSDT,F_165_score_entry,2026-01-12T03:00:00+00:00,2026-01-12T04:00:00+00:00,3161.754945,3171.854065,20.0,0.0639,,stop,1
ETHUSDT,F_165_score_entry,2026-01-13T16:00:00+00:00,2026-01-13T19:00:00+00:00,3188.549733,3204.339057,20.0,0.099,,stop,3
ETHUSDT,F_165_score_entry,2026-01-17T15:00:00+00:00,2026-01-17T16:00:00+00:00,3314.753585,3325.341405,20.0,0.0639,,stop,1
ETHUSDT,F_165_score_entry,2026-01-18T19:00:00+00:00,2026-01-18T20:00:00+00:00,3366.230418,3336.049337,20.0,-0.1793,,stop,1
ETHUSDT,F_165_score_entry,2026-01-21T20:00:00+00:00,2026-01-22T14:00:00+00:00,3059.522215,2957.013094,20.0,-0.6701,,stop,18
ETHUSDT,F_165_score_entry,2026-02-06T17:00:00+00:00,2026-02-06T18:00:00+00:00,2038.817021,2085.742901,20.0,0.4603,,stop,1
ETHUSDT,F_165_score_entry,2026-02-08T12:00:00+00:00,2026-02-08T13:00:00+00:00,2135.132068,2141.952,20.0,0.0639,,stop,1
ETHUSDT,F_165_score_entry,2026-02-13T17:00:00+00:00,2026-02-14T09:00:00+00:00,2064.109859,2086.930403,20.0,0.2211,,stop,16
ETHUSDT,F_165_score_entry,2026-02-14T12:00:00+00:00,2026-02-14T12:00:00+00:00,2102.309454,2075.728922,20.0,-0.2529,,stop,0
ETHUSDT,F_165_score_entry,2026-02-18T08:00:00+00:00,2026-02-18T09:00:00+00:00,2020.683478,2032.326437,20.0,0.1152,,stop,1
ETHUSDT,F_165_score_entry,2026-02-25T02:00:00+00:00,2026-02-25T03:00:00+00:00,1920.833842,1940.777817,20.0,0.2077,,stop,1
ETHUSDT,F_165_score_entry,2026-02-25T13:00:00+00:00,2026-02-25T14:00:00+00:00,1955.979472,1972.740587,20.0,0.1714,,stop,1
ETHUSDT,F_165_score_entry,2026-02-25T15:00:00+00:00,2026-02-25T16:00:00+00:00,1999.976594,2024.44184,20.0,0.2447,,stop,1
ETHUSDT,F_165_score_entry,2026-02-25T17:00:00+00:00,2026-02-25T18:00:00+00:00,2049.000242,2081.791213,20.0,0.3201,,stop,1
ETHUSDT,F_165_score_entry,2026-03-01T02:00:00+00:00,2026-03-01T03:00:00+00:00,2014.986081,2050.487057,20.0,0.3524,,stop,1
ETHUSDT,F_165_score_entry,2026-03-04T09:00:00+00:00,2026-03-04T10:00:00+00:00,2066.392823,2085.164118,20.0,0.1817,,stop,1
ETHUSDT,F_165_score_entry,2026-03-10T15:00:00+00:00,2026-03-10T16:00:00+00:00,2077.887747,2084.524832,20.0,0.0639,,stop,1
ETHUSDT,F_165_score_entry,2026-03-15T03:00:00+00:00,2026-03-15T06:00:00+00:00,2104.722587,2111.445387,20.0,0.0639,,stop,3
ETHUSDT,F_165_score_entry,2026-03-15T21:00:00+00:00,2026-03-15T22:00:00+00:00,2131.827778,2138.637156,20.0,0.0639,,stop,1
ETHUSDT,F_165_score_entry,2026-03-16T06:00:00+00:00,2026-03-16T13:00:00+00:00,2283.424598,2296.043977,20.0,0.1105,,stop,7
ETHUSDT,F_165_score_entry,2026-03-30T03:00:00+00:00,2026-03-30T04:00:00+00:00,2032.568909,2039.061239,20.0,0.0639,,stop,1
ETHUSDT,F_165_score_entry,2026-04-01T07:00:00+00:00,2026-04-01T13:00:00+00:00,2154.036612,2109.941546,20.0,-0.4094,,stop,6
ETHUSDT,F_165_score_entry,2026-04-05T23:00:00+00:00,2026-04-06T00:00:00+00:00,2088.491514,2119.032879,20.0,0.2925,,stop,1
ETHUSDT,F_165_score_entry,2026-04-07T22:00:00+00:00,2026-04-07T23:00:00+00:00,2147.838565,2215.220561,20.0,0.6274,,stop,1
ETHUSDT,F_165_score_entry,2026-04-13T20:00:00+00:00,2026-04-13T23:00:00+00:00,2265.271029,2358.978184,20.0,0.8273,,stop,3
ETHUSDT,F_165_score_entry,2026-04-22T03:00:00+00:00,2026-04-22T04:00:00+00:00,2373.431455,2381.012551,20.0,0.0639,,stop,1
ETHUSDT,F_165_score_entry,2026-04-22T14:00:00+00:00,2026-04-22T23:00:00+00:00,2420.54262,2380.192913,20.0,-0.3334,,stop,9
ETHUSDT,F_165_score_entry,2026-04-27T01:00:00+00:00,2026-04-27T02:00:00+00:00,2393.667728,2401.313462,20.0,0.0639,,stop,1
ETHUSDT,F_165_score_entry,2026-04-29T04:00:00+00:00,2026-04-29T05:00:00+00:00,2314.534989,2337.583186,20.0,0.1992,,stop,1
ETHUSDT,F_165_score_entry,2026-05-01T04:00:00+00:00,2026-05-01T12:00:00+00:00,2285.837731,2293.13904,20.0,0.0639,,stop,8
ETHUSDT,F_165_score_entry,2026-05-05T04:00:00+00:00,2026-05-05T14:00:00+00:00,2385.527159,2393.146891,20.0,0.0639,,stop,10
ETHUSDT,F_165_score_entry,2026-05-08T18:00:00+00:00,2026-05-08T19:00:00+00:00,2307.866331,2315.238002,20.0,0.0639,,stop,1
ETHUSDT,F_165_score_entry,2026-05-09T18:00:00+00:00,2026-05-09T19:00:00+00:00,2332.488298,2339.938615,20.0,0.0639,,stop,1
ETHUSDT,F_165_score_entry,2026-05-10T16:00:00+00:00,2026-05-10T18:00:00+00:00,2350.611828,2360.191757,20.0,0.0815,,stop,2
ETHUSDT,F_165_score_entry,2026-05-10T23:00:00+00:00,2026-05-11T03:00:00+00:00,2376.865914,2339.226675,20.0,-0.3167,,stop,4
ETHUSDT,F_165_score_entry,2026-05-14T15:00:00+00:00,2026-05-14T16:00:00+00:00,2289.9731,2297.287618,20.0,0.0639,,stop,1
ETHUSDT,F_165_score_entry,2026-06-07T09:00:00+00:00,2026-06-07T10:00:00+00:00,1643.483755,1648.733289,20.0,0.0639,,stop,1
ETHUSDT,F_165_score_entry,2026-06-15T11:00:00+00:00,2026-06-15T12:00:00+00:00,1740.029101,1765.28694,20.0,0.2903,,stop,1
ETHUSDT,F_165_score_entry,2026-06-15T13:00:00+00:00,2026-06-15T14:00:00+00:00,1779.790724,1823.833794,20.0,0.4949,,stop,1
ETHUSDT,F_165_score_entry,2026-06-15T16:00:00+00:00,2026-06-15T19:00:00+00:00,1847.929189,1809.533733,20.0,-0.4156,,stop,3
ETHUSDT,F_165_score_entry,2026-06-20T06:00:00+00:00,2026-06-20T14:00:00+00:00,1728.353943,1706.280034,20.0,-0.2554,,stop,8
ETHUSDT,F_165_score_entry,2026-06-22T12:00:00+00:00,2026-06-22T14:00:00+00:00,1769.977984,1775.631559,20.0,0.0639,,stop,2
ETHUSDT,F_165_score_entry,2026-06-27T16:00:00+00:00,2026-06-27T17:00:00+00:00,1607.767384,1590.993543,20.0,-0.2087,,stop,1
ETHUSDT,F_165_score_entry,2026-07-01T16:00:00+00:00,2026-07-01T17:00:00+00:00,1622.20613,1627.3877,20.0,0.0639,,stop,1
ETHUSDT,F_165_score_entry,2026-07-02T13:00:00+00:00,2026-07-02T14:00:00+00:00,1664.971653,1710.172865,20.0,0.543,,stop,1
ETHUSDT,F_165_score_entry,2026-07-03T11:00:00+00:00,2026-07-03T14:00:00+00:00,1744.434821,1750.006807,20.0,0.0639,,stop,3
ETHUSDT,F_165_score_entry,2026-07-03T21:00:00+00:00,2026-07-03T22:00:00+00:00,1768.445995,1774.094677,20.0,0.0639,,stop,1
ETHUSDT,F_165_score_entry,2026-07-06T22:00:00+00:00,2026-07-07T02:00:00+00:00,1817.239344,1776.418423,20.0,-0.4493,,stop,4
ETHUSDT,F_165_score_entry,2026-07-10T02:00:00+00:00,2026-07-10T03:00:00+00:00,1769.917906,1775.571289,20.0,0.0639,,stop,1
ETHUSDT,F_165_score_entry,2026-07-10T10:00:00+00:00,2026-07-10T11:00:00+00:00,1794.880315,1800.613432,20.0,0.0639,,stop,1
ETHUSDT,F_165_score_entry,2026-07-11T15:00:00+00:00,2026-07-11T16:00:00+00:00,1813.083949,1821.972353,20.0,0.098,,stop,1
ETHUSDT,F_165_score_entry,2026-07-18T18:00:00+00:00,2026-07-18T19:00:00+00:00,1855.238679,1861.421842,20.0,0.0667,,stop,1
ETHUSDT,F_165_score_entry,2026-07-19T03:00:00+00:00,2026-07-19T11:00:00+00:00,1873.882885,1879.868348,20.0,0.0639,,stop,8
ETHUSDT,F_165_score_entry,2026-07-20T12:00:00+00:00,2026-07-20T13:00:00+00:00,1895.671173,1859.552037,20.0,-0.3811,,stop,1
ETHUSDT,F_165_score_entry,2026-07-20T16:00:00+00:00,2026-07-20T18:00:00+00:00,1904.813042,1910.897301,20.0,0.0639,,stop,2
ETHUSDT,F_165_score_entry,2026-07-25T14:00:00+00:00,2026-07-25T18:00:00+00:00,1869.677425,1875.649455,20.0,0.0639,,stop,4
ETHUSDT,F_165_score_entry,2026-07-26T15:00:00+00:00,2026-07-26T16:00:00+00:00,1901.048154,1911.49618,20.0,0.1099,,stop,1
ETHUSDT,F_165_score_entry,2026-08-02T03:00:00+00:00,2026-08-02T11:00:00+00:00,1879.33997,1854.819851,20.0,-0.2609,,stop,8
ETHUSDT,F_165_score_entry,2026-08-05T17:00:00+00:00,2026-08-05T18:00:00+00:00,1898.014215,1913.694782,20.0,0.1652,,stop,1
ETHUSDT,F_165_score_entry,2026-08-08T15:00:00+00:00,2026-08-08T22:00:00+00:00,1926.280914,1916.383515,20.0,-0.1028,,stop,7
ETHUSDT,F_165_score_entry,2026-08-12T10:00:00+00:00,2026-08-12T11:00:00+00:00,1908.317592,1914.413045,20.0,0.0639,,stop,1
ETHUSDT,F_165_score_entry,2026-08-17T03:00:00+00:00,2026-08-17T07:00:00+00:00,1904.823055,1910.907346,20.0,0.0639,,stop,4
ETHUSDT,F_165_score_entry,2026-08-19T21:00:00+00:00,2026-08-19T22:00:00+00:00,2221.013569,2328.751762,20.0,0.9702,,stop,1
ETHUSDT,F_165_score_entry,2026-08-21T09:00:00+00:00,2026-08-21T09:00:00+00:00,2447.37746,2390.234682,20.0,-0.467,,stop,0
ETHUSDT,F_165_score_entry,2026-08-21T22:00:00+00:00,2026-08-21T23:00:00+00:00,2516.527238,2541.434411,20.0,0.1979,,stop,1
ETHUSDT,F_165_score_entry,2026-08-23T14:00:00+00:00,2026-08-23T14:00:00+00:00,2462.947675,2413.273479,20.0,-0.4034,,stop,0
ETHUSDT,F_165_score_entry,2026-08-24T12:00:00+00:00,2026-08-24T13:00:00+00:00,2497.422434,2510.235366,20.0,0.1026,,stop,1
ETHUSDT,F_165_score_entry,2026-08-29T15:00:00+00:00,2026-08-29T20:00:00+00:00,2451.773167,2459.604498,20.0,0.0639,,stop,5
ETHUSDT,F_165_score_entry,2026-08-30T13:00:00+00:00,2026-08-30T15:00:00+00:00,2472.680311,2480.578423,20.0,0.0639,,stop,2
